image_id,species_name_raw,species_name,binary_label,binary_group,width,height,file_path,fold_id
Clostridium.perfringens_01,Clostridium perfringens,Clostridium.perfringens,1,bacilli,1225,1225,Dataset-Bacteria/Clostridium perfringens/01.png,1
Clostridium.perfringens_05,Clostridium perfringens,Clostridium.perfringens,1,bacilli,1225,1225,Dataset-Bacteria/Clostridium perfringens/05.png,1
Clostridium.perfringens_07,Clostridium perfringens,Clostridium.perfringens,1,bacilli,1225,1225,Dataset-Bacteria/Clostridium perfringens/07.png,1
Clostridium.perfringens_15,Clostridium perfringens,Clostridium.perfringens,1,bacilli,1225,1225,Dataset-Bacteria/Clostridium perfringens/15.png,1
Clostridium.perfringens_19,Clostridium perfringens,Clostridium.perfringens,1,bacilli,1225,1225,Dataset-Bacteria/Clostridium perfringens/19.png,1
Clostridium.perfringens_36,Clostridium perfringens,Clostridium.perfringens,1,bacilli,1225,1225,Dataset-Bacteria/Clostridium perfringens/36.png,1
Clostridium.perfringens_37,Clostridium perfringens,Clostridium.perfringens,1,bacilli,1225,1225,Dataset-Bacteria/Clostridium perfringens/37.png,1
Clostridium.perfringens_41,Clostridium perfringens,Clostridium.perfringens,1,bacilli,1016,1016,Dataset-Bacteria/Clostridium perfringens/41.png,1
Clostridium.perfringens_49,Clostridium perfringens,Clostridium.perfringens,1,bacilli,946,946,Dataset-Bacteria/Clostridium perfringens/49.png,1
Clostridium.perfringens_50,Clostridium perfringens,Clostridium.perfringens,1,bacilli,946,946,Dataset-Bacteria/Clostridium perfringens/50.png,1
Clostridium.perfringens_51,Clostridium perfringens,Clostridium.perfringens,1,bacilli,946,946,Dataset-Bacteria/Clostridium perfringens/51.png,1
Clostridium.perfringens_52,Clostridium perfringens,Clostridium.perfringens,1,bacilli,1051,1051,Dataset-Bacteria/Clostridium perfringens/52.png,1
Clostridium.perfringens_56,Clostridium perfringens,Clostridium.perfringens,1,bacilli,1103,1103,Dataset-Bacteria/Clostridium perfringens/56.png,1
Enterococcus.faecalis_03,Enterococcus faecalis,Enterococcus.faecalis,0,cocci,1225,1225,Dataset-Bacteria/Enterococcus faecalis/03.png,1
Enterococcus.faecalis_07,Enterococcus faecalis,Enterococcus.faecalis,0,cocci,1225,1225,Dataset-Bacteria/Enterococcus faecalis/07.png,1
Enterococcus.faecalis_08,Enterococcus faecalis,Enterococcus.faecalis,0,cocci,1225,1225,Dataset-Bacteria/Enterococcus faecalis/08.png,1
Enterococcus.faecalis_16,Enterococcus faecalis,Enterococcus.faecalis,0,cocci,1225,1225,Dataset-Bacteria/Enterococcus faecalis/16.png,1
Enterococcus.faecalis_20,Enterococcus faecalis,Enterococcus.faecalis,0,cocci,1225,1225,Dataset-Bacteria/Enterococcus faecalis/20.png,1
Enterococcus.faecalis_21,Enterococcus faecalis,Enterococcus.faecalis,0,cocci,1225,1225,Dataset-Bacteria/Enterococcus faecalis/21.png,1
Enterococcus.faecalis_24,Enterococcus faecalis,Enterococcus.faecalis,0,cocci,1225,1225,Dataset-Bacteria/Enterococcus faecalis/24.png,1
Enterococcus.faecalis_34,Enterococcus faecalis,Enterococcus.faecalis,0,cocci,964,964,Dataset-Bacteria/Enterococcus faecalis/34.png,1
Enterococcus.faecalis_36,Enterococcus faecalis,Enterococcus.faecalis,0,cocci,994,994,Dataset-Bacteria/Enterococcus faecalis/36.png,1
Enterococcus.faecalis_50,Enterococcus faecalis,Enterococcus.faecalis,0,cocci,938,938,Dataset-Bacteria/Enterococcus faecalis/50.png,1
Enterococcus.faecalis_60,Enterococcus faecalis,Enterococcus.faecalis,0,cocci,1081,1081,Dataset-Bacteria/Enterococcus faecalis/60.png,1
Enterococcus.faecium_04,Enterococcus faecium,Enterococcus.faecium,0,cocci,1225,1225,Dataset-Bacteria/Enterococcus faecium/04.png,1
Enterococcus.faecium_05,Enterococcus faecium,Enterococcus.faecium,0,cocci,1225,1225,Dataset-Bacteria/Enterococcus faecium/05.png,1
Enterococcus.faecium_06,Enterococcus faecium,Enterococcus.faecium,0,cocci,1225,1225,Dataset-Bacteria/Enterococcus faecium/06.png,1
Enterococcus.faecium_09,Enterococcus faecium,Enterococcus.faecium,0,cocci,1225,1225,Dataset-Bacteria/Enterococcus faecium/09.png,1
Enterococcus.faecium_10,Enterococcus faecium,Enterococcus.faecium,0,cocci,1225,1225,Dataset-Bacteria/Enterococcus faecium/10.png,1
Enterococcus.faecium_11,Enterococcus faecium,Enterococcus.faecium,0,cocci,1225,1225,Dataset-Bacteria/Enterococcus faecium/11.png,1
Enterococcus.faecium_15,Enterococcus faecium,Enterococcus.faecium,0,cocci,1225,1225,Dataset-Bacteria/Enterococcus faecium/15.png,1
Enterococcus.faecium_16,Enterococcus faecium,Enterococcus.faecium,0,cocci,1225,1225,Dataset-Bacteria/Enterococcus faecium/16.png,1
Enterococcus.faecium_19,Enterococcus faecium,Enterococcus.faecium,0,cocci,1225,1225,Dataset-Bacteria/Enterococcus faecium/19.png,1
Enterococcus.faecium_36,Enterococcus faecium,Enterococcus.faecium,0,cocci,1142,1142,Dataset-Bacteria/Enterococcus faecium/36.png,1
Enterococcus.faecium_45,Enterococcus faecium,Enterococcus.faecium,0,cocci,1142,1142,Dataset-Bacteria/Enterococcus faecium/45.png,1
Enterococcus.faecium_50,Enterococcus faecium,Enterococcus.faecium,0,cocci,994,994,Dataset-Bacteria/Enterococcus faecium/50.png,1
Escherichia.coli_02,Escherichia coli,Escherichia.coli,1,bacilli,1225,1225,Dataset-Bacteria/Escherichia coli/02.png,1
Escherichia.coli_11,Escherichia coli,Escherichia.coli,1,bacilli,1225,1225,Dataset-Bacteria/Escherichia coli/11.png,1
Escherichia.coli_16,Escherichia coli,Escherichia.coli,1,bacilli,1225,1225,Dataset-Bacteria/Escherichia coli/16.png,1
Escherichia.coli_20,Escherichia coli,Escherichia.coli,1,bacilli,1225,1225,Dataset-Bacteria/Escherichia coli/20.png,1
Escherichia.coli_21,Escherichia coli,Escherichia.coli,1,bacilli,1225,1225,Dataset-Bacteria/Escherichia coli/21.png,1
Escherichia.coli_24,Escherichia coli,Escherichia.coli,1,bacilli,1025,1025,Dataset-Bacteria/Escherichia coli/24.png,1
Escherichia.coli_30,Escherichia coli,Escherichia.coli,1,bacilli,1225,1225,Dataset-Bacteria/Escherichia coli/30.png,1
Escherichia.coli_31,Escherichia coli,Escherichia.coli,1,bacilli,1225,1225,Dataset-Bacteria/Escherichia coli/31.png,1
Escherichia.coli_34,Escherichia coli,Escherichia.coli,1,bacilli,1081,1081,Dataset-Bacteria/Escherichia coli/34.png,1
Escherichia.coli_40,Escherichia coli,Escherichia.coli,1,bacilli,942,942,Dataset-Bacteria/Escherichia coli/40.png,1
Escherichia.coli_49,Escherichia coli,Escherichia.coli,1,bacilli,1038,1038,Dataset-Bacteria/Escherichia coli/49.png,1
Escherichia.coli_51,Escherichia coli,Escherichia.coli,1,bacilli,1042,1042,Dataset-Bacteria/Escherichia coli/51.png,1
Escherichia.coli_54,Escherichia coli,Escherichia.coli,1,bacilli,1103,1103,Dataset-Bacteria/Escherichia coli/54.png,1
Listeria.monocytogenes_08,Listeria monocytogenes,Listeria.monocytogenes,1,bacilli,1090,1090,Dataset-Bacteria/Listeria monocytogenes/08.png,1
Listeria.monocytogenes_10,Listeria monocytogenes,Listeria.monocytogenes,1,bacilli,1094,1094,Dataset-Bacteria/Listeria monocytogenes/10.png,1
Listeria.monocytogenes_13,Listeria monocytogenes,Listeria.monocytogenes,1,bacilli,1068,1068,Dataset-Bacteria/Listeria monocytogenes/13.png,1
Listeria.monocytogenes_14,Listeria monocytogenes,Listeria.monocytogenes,1,bacilli,1068,1068,Dataset-Bacteria/Listeria monocytogenes/14.png,1
Listeria.monocytogenes_16,Listeria monocytogenes,Listeria.monocytogenes,1,bacilli,1055,1055,Dataset-Bacteria/Listeria monocytogenes/16.png,1
Listeria.monocytogenes_20,Listeria monocytogenes,Listeria.monocytogenes,1,bacilli,1077,1077,Dataset-Bacteria/Listeria monocytogenes/20.png,1
Listeria.monocytogenes_25,Listeria monocytogenes,Listeria.monocytogenes,1,bacilli,1090,1090,Dataset-Bacteria/Listeria monocytogenes/25.png,1
Listeria.monocytogenes_27,Listeria monocytogenes,Listeria.monocytogenes,1,bacilli,1038,1038,Dataset-Bacteria/Listeria monocytogenes/27.png,1
Listeria.monocytogenes_29,Listeria monocytogenes,Listeria.monocytogenes,1,bacilli,1038,1038,Dataset-Bacteria/Listeria monocytogenes/29.png,1
Listeria.monocytogenes_31,Listeria monocytogenes,Listeria.monocytogenes,1,bacilli,1073,1073,Dataset-Bacteria/Listeria monocytogenes/31.png,1
Listeria.monocytogenes_32,Listeria monocytogenes,Listeria.monocytogenes,1,bacilli,1073,1073,Dataset-Bacteria/Listeria monocytogenes/32.png,1
Listeria.monocytogenes_36,Listeria monocytogenes,Listeria.monocytogenes,1,bacilli,1107,1107,Dataset-Bacteria/Listeria monocytogenes/36.png,1
Listeria.monocytogenes_41,Listeria monocytogenes,Listeria.monocytogenes,1,bacilli,1051,1051,Dataset-Bacteria/Listeria monocytogenes/41.png,1
Listeria.monocytogenes_56,Listeria monocytogenes,Listeria.monocytogenes,1,bacilli,1042,1042,Dataset-Bacteria/Listeria monocytogenes/56.png,1
Pseudomonas.aeruginosa_03,Pseudomonas aeruginosa,Pseudomonas.aeruginosa,1,bacilli,1225,1225,Dataset-Bacteria/Pseudomonas aeruginosa/03.png,1
Pseudomonas.aeruginosa_11,Pseudomonas aeruginosa,Pseudomonas.aeruginosa,1,bacilli,981,981,Dataset-Bacteria/Pseudomonas aeruginosa/11.png,1
Pseudomonas.aeruginosa_13,Pseudomonas aeruginosa,Pseudomonas.aeruginosa,1,bacilli,1064,1064,Dataset-Bacteria/Pseudomonas aeruginosa/13.png,1
Pseudomonas.aeruginosa_21,Pseudomonas aeruginosa,Pseudomonas.aeruginosa,1,bacilli,981,981,Dataset-Bacteria/Pseudomonas aeruginosa/21.png,1
Pseudomonas.aeruginosa_23,Pseudomonas aeruginosa,Pseudomonas.aeruginosa,1,bacilli,1225,1225,Dataset-Bacteria/Pseudomonas aeruginosa/23.png,1
Pseudomonas.aeruginosa_32,Pseudomonas aeruginosa,Pseudomonas.aeruginosa,1,bacilli,1116,1116,Dataset-Bacteria/Pseudomonas aeruginosa/32.png,1
Pseudomonas.aeruginosa_52,Pseudomonas aeruginosa,Pseudomonas.aeruginosa,1,bacilli,1060,1060,Dataset-Bacteria/Pseudomonas aeruginosa/52.png,1
Pseudomonas.aeruginosa_53,Pseudomonas aeruginosa,Pseudomonas.aeruginosa,1,bacilli,1060,1060,Dataset-Bacteria/Pseudomonas aeruginosa/53.png,1
Pseudomonas.aeruginosa_54,Pseudomonas aeruginosa,Pseudomonas.aeruginosa,1,bacilli,962,962,Dataset-Bacteria/Pseudomonas aeruginosa/54.png,1
Pseudomonas.aeruginosa_58,Pseudomonas aeruginosa,Pseudomonas.aeruginosa,1,bacilli,1073,1073,Dataset-Bacteria/Pseudomonas aeruginosa/58.png,1
Staphylococcus.aureus_07,Staphylococcus aureus,Staphylococcus.aureus,0,cocci,1042,1042,Dataset-Bacteria/Staphylococcus aureus/07.png,1
Staphylococcus.aureus_11,Staphylococcus aureus,Staphylococcus.aureus,0,cocci,916,916,Dataset-Bacteria/Staphylococcus aureus/11.png,1
Staphylococcus.aureus_17,Staphylococcus aureus,Staphylococcus.aureus,0,cocci,1073,1073,Dataset-Bacteria/Staphylococcus aureus/17.png,1
Staphylococcus.aureus_27,Staphylococcus aureus,Staphylococcus.aureus,0,cocci,1081,1081,Dataset-Bacteria/Staphylococcus aureus/27.png,1
Staphylococcus.aureus_29,Staphylococcus aureus,Staphylococcus.aureus,0,cocci,951,951,Dataset-Bacteria/Staphylococcus aureus/29.png,1
Staphylococcus.aureus_30,Staphylococcus aureus,Staphylococcus.aureus,0,cocci,951,951,Dataset-Bacteria/Staphylococcus aureus/30.png,1
Staphylococcus.aureus_35,Staphylococcus aureus,Staphylococcus.aureus,0,cocci,1142,1142,Dataset-Bacteria/Staphylococcus aureus/35.png,1
Staphylococcus.aureus_46,Staphylococcus aureus,Staphylococcus.aureus,0,cocci,1090,1090,Dataset-Bacteria/Staphylococcus aureus/46.png,1
Staphylococcus.aureus_49,Staphylococcus aureus,Staphylococcus.aureus,0,cocci,1164,1164,Dataset-Bacteria/Staphylococcus aureus/49.png,1
Staphylococcus.aureus_50,Staphylococcus aureus,Staphylococcus.aureus,0,cocci,1164,1164,Dataset-Bacteria/Staphylococcus aureus/50.png,1
Staphylococcus.aureus_56,Staphylococcus aureus,Staphylococcus.aureus,0,cocci,1155,1155,Dataset-Bacteria/Staphylococcus aureus/56.png,1
Staphylococcus.aureus_60,Staphylococcus aureus,Staphylococcus.aureus,0,cocci,1081,1081,Dataset-Bacteria/Staphylococcus aureus/60.png,1
Staphylococcus.aureus_64,Staphylococcus aureus,Staphylococcus.aureus,0,cocci,1168,1168,Dataset-Bacteria/Staphylococcus aureus/64.png,1
Clostridium.perfringens_02,Clostridium perfringens,Clostridium.perfringens,1,bacilli,1225,1225,Dataset-Bacteria/Clostridium perfringens/02.png,2
Clostridium.perfringens_03,Clostridium perfringens,Clostridium.perfringens,1,bacilli,1225,1225,Dataset-Bacteria/Clostridium perfringens/03.png,2
Clostridium.perfringens_08,Clostridium perfringens,Clostridium.perfringens,1,bacilli,1225,1225,Dataset-Bacteria/Clostridium perfringens/08.png,2
Clostridium.perfringens_12,Clostridium perfringens,Clostridium.perfringens,1,bacilli,1225,1225,Dataset-Bacteria/Clostridium perfringens/12.png,2
Clostridium.perfringens_14,Clostridium perfringens,Clostridium.perfringens,1,bacilli,1225,1225,Dataset-Bacteria/Clostridium perfringens/14.png,2
Clostridium.perfringens_28,Clostridium perfringens,Clostridium.perfringens,1,bacilli,1225,1225,Dataset-Bacteria/Clostridium perfringens/28.png,2
Clostridium.perfringens_32,Clostridium perfringens,Clostridium.perfringens,1,bacilli,1225,1225,Dataset-Bacteria/Clostridium perfringens/32.png,2
Clostridium.perfringens_33,Clostridium perfringens,Clostridium.perfringens,1,bacilli,927,927,Dataset-Bacteria/Clostridium perfringens/33.png,2
Clostridium.perfringens_55,Clostridium perfringens,Clostridium.perfringens,1,bacilli,1103,1103,Dataset-Bacteria/Clostridium perfringens/55.png,2
Clostridium.perfringens_57,Clostridium perfringens,Clostridium.perfringens,1,bacilli,1125,1125,Dataset-Bacteria/Clostridium perfringens/57.png,2
Clostridium.perfringens_59,Clostridium perfringens,Clostridium.perfringens,1,bacilli,1055,1055,Dataset-Bacteria/Clostridium perfringens/59.png,2
Clostridium.perfringens_62,Clostridium perfringens,Clostridium.perfringens,1,bacilli,927,927,Dataset-Bacteria/Clostridium perfringens/62.png,2
Enterococcus.faecalis_05,Enterococcus faecalis,Enterococcus.faecalis,0,cocci,1225,1225,Dataset-Bacteria/Enterococcus faecalis/05.png,2
Enterococcus.faecalis_09,Enterococcus faecalis,Enterococcus.faecalis,0,cocci,1225,1225,Dataset-Bacteria/Enterococcus faecalis/09.png,2
Enterococcus.faecalis_11,Enterococcus faecalis,Enterococcus.faecalis,0,cocci,1046,1046,Dataset-Bacteria/Enterococcus faecalis/11.png,2
Enterococcus.faecalis_15,Enterococcus faecalis,Enterococcus.faecalis,0,cocci,1225,1225,Dataset-Bacteria/Enterococcus faecalis/15.png,2
Enterococcus.faecalis_22,Enterococcus faecalis,Enterococcus.faecalis,0,cocci,1225,1225,Dataset-Bacteria/Enterococcus faecalis/22.png,2
Enterococcus.faecalis_28,Enterococcus faecalis,Enterococcus.faecalis,0,cocci,1225,1225,Dataset-Bacteria/Enterococcus faecalis/28.png,2
Enterococcus.faecalis_40,Enterococcus faecalis,Enterococcus.faecalis,0,cocci,972,972,Dataset-Bacteria/Enterococcus faecalis/40.png,2
Enterococcus.faecalis_44,Enterococcus faecalis,Enterococcus.faecalis,0,cocci,911,911,Dataset-Bacteria/Enterococcus faecalis/44.png,2
Enterococcus.faecalis_46,Enterococcus faecalis,Enterococcus.faecalis,0,cocci,1020,1020,Dataset-Bacteria/Enterococcus faecalis/46.png,2
Enterococcus.faecalis_47,Enterococcus faecalis,Enterococcus.faecalis,0,cocci,1020,1020,Dataset-Bacteria/Enterococcus faecalis/47.png,2
Enterococcus.faecalis_55,Enterococcus faecalis,Enterococcus.faecalis,0,cocci,1107,1107,Dataset-Bacteria/Enterococcus faecalis/55.png,2
Enterococcus.faecalis_56,Enterococcus faecalis,Enterococcus.faecalis,0,cocci,1107,1107,Dataset-Bacteria/Enterococcus faecalis/56.png,2
Enterococcus.faecalis_57,Enterococcus faecalis,Enterococcus.faecalis,0,cocci,1121,1121,Dataset-Bacteria/Enterococcus faecalis/57.png,2
Enterococcus.faecium_08,Enterococcus faecium,Enterococcus.faecium,0,cocci,1225,1225,Dataset-Bacteria/Enterococcus faecium/08.png,2
Enterococcus.faecium_17,Enterococcus faecium,Enterococcus.faecium,0,cocci,1225,1225,Dataset-Bacteria/Enterococcus faecium/17.png,2
Enterococcus.faecium_20,Enterococcus faecium,Enterococcus.faecium,0,cocci,1225,1225,Dataset-Bacteria/Enterococcus faecium/20.png,2
Enterococcus.faecium_25,Enterococcus faecium,Enterococcus.faecium,0,cocci,1225,1225,Dataset-Bacteria/Enterococcus faecium/25.png,2
Enterococcus.faecium_31,Enterococcus faecium,Enterococcus.faecium,0,cocci,1186,1186,Dataset-Bacteria/Enterococcus faecium/31.png,2
Enterococcus.faecium_42,Enterococcus faecium,Enterococcus.faecium,0,cocci,1112,1112,Dataset-Bacteria/Enterococcus faecium/42.png,2
Enterococcus.faecium_49,Enterococcus faecium,Enterococcus.faecium,0,cocci,994,994,Dataset-Bacteria/Enterococcus faecium/49.png,2
Enterococcus.faecium_56,Enterococcus faecium,Enterococcus.faecium,0,cocci,1186,1186,Dataset-Bacteria/Enterococcus faecium/56.png,2
Escherichia.coli_05,Escherichia coli,Escherichia.coli,1,bacilli,1225,1225,Dataset-Bacteria/Escherichia coli/05.png,2
Escherichia.coli_10,Escherichia coli,Escherichia.coli,1,bacilli,1225,1225,Dataset-Bacteria/Escherichia coli/10.png,2
Escherichia.coli_15,Escherichia coli,Escherichia.coli,1,bacilli,1225,1225,Dataset-Bacteria/Escherichia coli/15.png,2
Escherichia.coli_26,Escherichia coli,Escherichia.coli,1,bacilli,1225,1225,Dataset-Bacteria/Escherichia coli/26.png,2
Escherichia.coli_28,Escherichia coli,Escherichia.coli,1,bacilli,1225,1225,Dataset-Bacteria/Escherichia coli/28.png,2
Escherichia.coli_29,Escherichia coli,Escherichia.coli,1,bacilli,1225,1225,Dataset-Bacteria/Escherichia coli/29.png,2
Escherichia.coli_37,Escherichia coli,Escherichia.coli,1,bacilli,1129,1129,Dataset-Bacteria/Escherichia coli/37.png,2
Escherichia.coli_44,Escherichia coli,Escherichia.coli,1,bacilli,1064,1064,Dataset-Bacteria/Escherichia coli/44.png,2
Escherichia.coli_56,Escherichia coli,Escherichia.coli,1,bacilli,1107,1107,Dataset-Bacteria/Escherichia coli/56.png,2
Escherichia.coli_58,Escherichia coli,Escherichia.coli,1,bacilli,1007,1007,Dataset-Bacteria/Escherichia coli/58.png,2
Escherichia.coli_59,Escherichia coli,Escherichia.coli,1,bacilli,1103,1103,Dataset-Bacteria/Escherichia coli/59.png,2
Listeria.monocytogenes_12,Listeria monocytogenes,Listeria.monocytogenes,1,bacilli,1068,1068,Dataset-Bacteria/Listeria monocytogenes/12.png,2
Listeria.monocytogenes_21,Listeria monocytogenes,Listeria.monocytogenes,1,bacilli,1016,1016,Dataset-Bacteria/Listeria monocytogenes/21.png,2
Listeria.monocytogenes_23,Listeria monocytogenes,Listeria.monocytogenes,1,bacilli,1068,1068,Dataset-Bacteria/Listeria monocytogenes/23.png,2
Listeria.monocytogenes_30,Listeria monocytogenes,Listeria.monocytogenes,1,bacilli,1073,1073,Dataset-Bacteria/Listeria monocytogenes/30.png,2
Listeria.monocytogenes_33,Listeria monocytogenes,Listeria.monocytogenes,1,bacilli,1016,1016,Dataset-Bacteria/Listeria monocytogenes/33.png,2
Listeria.monocytogenes_38,Listeria monocytogenes,Listeria.monocytogenes,1,bacilli,1107,1107,Dataset-Bacteria/Listeria monocytogenes/38.png,2
Listeria.monocytogenes_39,Listeria monocytogenes,Listeria.monocytogenes,1,bacilli,1051,1051,Dataset-Bacteria/Listeria monocytogenes/39.png,2
Listeria.monocytogenes_44,Listeria monocytogenes,Listeria.monocytogenes,1,bacilli,1090,1090,Dataset-Bacteria/Listeria monocytogenes/44.png,2
Listeria.monocytogenes_47,Listeria monocytogenes,Listeria.monocytogenes,1,bacilli,1103,1103,Dataset-Bacteria/Listeria monocytogenes/47.png,2
Listeria.monocytogenes_55,Listeria monocytogenes,Listeria.monocytogenes,1,bacilli,1121,1121,Dataset-Bacteria/Listeria monocytogenes/55.png,2
Listeria.monocytogenes_61,Listeria monocytogenes,Listeria.monocytogenes,1,bacilli,1025,1025,Dataset-Bacteria/Listeria monocytogenes/61.png,2
Pseudomonas.aeruginosa_10,Pseudomonas aeruginosa,Pseudomonas.aeruginosa,1,bacilli,981,981,Dataset-Bacteria/Pseudomonas aeruginosa/10.png,2
Pseudomonas.aeruginosa_12,Pseudomonas aeruginosa,Pseudomonas.aeruginosa,1,bacilli,1225,1225,Dataset-Bacteria/Pseudomonas aeruginosa/12.png,2
Pseudomonas.aeruginosa_15,Pseudomonas aeruginosa,Pseudomonas.aeruginosa,1,bacilli,1064,1064,Dataset-Bacteria/Pseudomonas aeruginosa/15.png,2
Pseudomonas.aeruginosa_16,Pseudomonas aeruginosa,Pseudomonas.aeruginosa,1,bacilli,1064,1064,Dataset-Bacteria/Pseudomonas aeruginosa/16.png,2
Pseudomonas.aeruginosa_18,Pseudomonas aeruginosa,Pseudomonas.aeruginosa,1,bacilli,972,972,Dataset-Bacteria/Pseudomonas aeruginosa/18.png,2
Pseudomonas.aeruginosa_20,Pseudomonas aeruginosa,Pseudomonas.aeruginosa,1,bacilli,972,972,Dataset-Bacteria/Pseudomonas aeruginosa/20.png,2
Pseudomonas.aeruginosa_25,Pseudomonas aeruginosa,Pseudomonas.aeruginosa,1,bacilli,1225,1225,Dataset-Bacteria/Pseudomonas aeruginosa/25.png,2
Pseudomonas.aeruginosa_28,Pseudomonas aeruginosa,Pseudomonas.aeruginosa,1,bacilli,1225,1225,Dataset-Bacteria/Pseudomonas aeruginosa/28.png,2
Pseudomonas.aeruginosa_31,Pseudomonas aeruginosa,Pseudomonas.aeruginosa,1,bacilli,1116,1116,Dataset-Bacteria/Pseudomonas aeruginosa/31.png,2
Pseudomonas.aeruginosa_33,Pseudomonas aeruginosa,Pseudomonas.aeruginosa,1,bacilli,1068,1068,Dataset-Bacteria/Pseudomonas aeruginosa/33.png,2
Pseudomonas.aeruginosa_39,Pseudomonas aeruginosa,Pseudomonas.aeruginosa,1,bacilli,1064,1064,Dataset-Bacteria/Pseudomonas aeruginosa/39.png,2
Pseudomonas.aeruginosa_41,Pseudomonas aeruginosa,Pseudomonas.aeruginosa,1,bacilli,1090,1090,Dataset-Bacteria/Pseudomonas aeruginosa/41.png,2
Pseudomonas.aeruginosa_43,Pseudomonas aeruginosa,Pseudomonas.aeruginosa,1,bacilli,1090,1090,Dataset-Bacteria/Pseudomonas aeruginosa/43.png,2
Pseudomonas.aeruginosa_48,Pseudomonas aeruginosa,Pseudomonas.aeruginosa,1,bacilli,1094,1094,Dataset-Bacteria/Pseudomonas aeruginosa/48.png,2
Pseudomonas.aeruginosa_49,Pseudomonas aeruginosa,Pseudomonas.aeruginosa,1,bacilli,1094,1094,Dataset-Bacteria/Pseudomonas aeruginosa/49.png,2
Pseudomonas.aeruginosa_50,Pseudomonas aeruginosa,Pseudomonas.aeruginosa,1,bacilli,1094,1094,Dataset-Bacteria/Pseudomonas aeruginosa/50.png,2
Staphylococcus.aureus_06,Staphylococcus aureus,Staphylococcus.aureus,0,cocci,1042,1042,Dataset-Bacteria/Staphylococcus aureus/06.png,2
Staphylococcus.aureus_10,Staphylococcus aureus,Staphylococcus.aureus,0,cocci,1129,1129,Dataset-Bacteria/Staphylococcus aureus/10.png,2
Staphylococcus.aureus_15,Staphylococcus aureus,Staphylococcus.aureus,0,cocci,1073,1073,Dataset-Bacteria/Staphylococcus aureus/15.png,2
Staphylococcus.aureus_16,Staphylococcus aureus,Staphylococcus.aureus,0,cocci,1073,1073,Dataset-Bacteria/Staphylococcus aureus/16.png,2
Staphylococcus.aureus_19,Staphylococcus aureus,Staphylococcus.aureus,0,cocci,916,916,Dataset-Bacteria/Staphylococcus aureus/19.png,2
Staphylococcus.aureus_21,Staphylococcus aureus,Staphylococcus.aureus,0,cocci,916,916,Dataset-Bacteria/Staphylococcus aureus/21.png,2
Staphylococcus.aureus_22,Staphylococcus aureus,Staphylococcus.aureus,0,cocci,916,916,Dataset-Bacteria/Staphylococcus aureus/22.png,2
Staphylococcus.aureus_24,Staphylococcus aureus,Staphylococcus.aureus,0,cocci,1081,1081,Dataset-Bacteria/Staphylococcus aureus/24.png,2
Staphylococcus.aureus_42,Staphylococcus aureus,Staphylococcus.aureus,0,cocci,1112,1112,Dataset-Bacteria/Staphylococcus aureus/42.png,2
Staphylococcus.aureus_44,Staphylococcus aureus,Staphylococcus.aureus,0,cocci,1112,1112,Dataset-Bacteria/Staphylococcus aureus/44.png,2
Staphylococcus.aureus_45,Staphylococcus aureus,Staphylococcus.aureus,0,cocci,1090,1090,Dataset-Bacteria/Staphylococcus aureus/45.png,2
Staphylococcus.aureus_48,Staphylococcus aureus,Staphylococcus.aureus,0,cocci,1086,1086,Dataset-Bacteria/Staphylococcus aureus/48.png,2
Staphylococcus.aureus_61,Staphylococcus aureus,Staphylococcus.aureus,0,cocci,1081,1081,Dataset-Bacteria/Staphylococcus aureus/61.png,2
Staphylococcus.aureus_62,Staphylococcus aureus,Staphylococcus.aureus,0,cocci,1225,1225,Dataset-Bacteria/Staphylococcus aureus/62.png,2
Staphylococcus.aureus_63,Staphylococcus aureus,Staphylococcus.aureus,0,cocci,1225,1225,Dataset-Bacteria/Staphylococcus aureus/63.png,2
Clostridium.perfringens_04,Clostridium perfringens,Clostridium.perfringens,1,bacilli,1225,1225,Dataset-Bacteria/Clostridium perfringens/04.png,3
Clostridium.perfringens_17,Clostridium perfringens,Clostridium.perfringens,1,bacilli,1225,1225,Dataset-Bacteria/Clostridium perfringens/17.png,3
Clostridium.perfringens_22,Clostridium perfringens,Clostridium.perfringens,1,bacilli,1225,1225,Dataset-Bacteria/Clostridium perfringens/22.png,3
Clostridium.perfringens_27,Clostridium perfringens,Clostridium.perfringens,1,bacilli,1107,1107,Dataset-Bacteria/Clostridium perfringens/27.png,3
Clostridium.perfringens_34,Clostridium perfringens,Clostridium.perfringens,1,bacilli,927,927,Dataset-Bacteria/Clostridium perfringens/34.png,3
Clostridium.perfringens_40,Clostridium perfringens,Clostridium.perfringens,1,bacilli,1051,1051,Dataset-Bacteria/Clostridium perfringens/40.png,3
Clostridium.perfringens_42,Clostridium perfringens,Clostridium.perfringens,1,bacilli,1016,1016,Dataset-Bacteria/Clostridium perfringens/42.png,3
Clostridium.perfringens_44,Clostridium perfringens,Clostridium.perfringens,1,bacilli,1103,1103,Dataset-Bacteria/Clostridium perfringens/44.png,3
Clostridium.perfringens_53,Clostridium perfringens,Clostridium.perfringens,1,bacilli,1051,1051,Dataset-Bacteria/Clostridium perfringens/53.png,3
Enterococcus.faecalis_01,Enterococcus faecalis,Enterococcus.faecalis,0,cocci,1225,1225,Dataset-Bacteria/Enterococcus faecalis/01.png,3
Enterococcus.faecalis_02,Enterococcus faecalis,Enterococcus.faecalis,0,cocci,1225,1225,Dataset-Bacteria/Enterococcus faecalis/02.png,3
Enterococcus.faecalis_04,Enterococcus faecalis,Enterococcus.faecalis,0,cocci,1225,1225,Dataset-Bacteria/Enterococcus faecalis/04.png,3
Enterococcus.faecalis_06,Enterococcus faecalis,Enterococcus.faecalis,0,cocci,1225,1225,Dataset-Bacteria/Enterococcus faecalis/06.png,3
Enterococcus.faecalis_10,Enterococcus faecalis,Enterococcus.faecalis,0,cocci,1225,1225,Dataset-Bacteria/Enterococcus faecalis/10.png,3
Enterococcus.faecalis_12,Enterococcus faecalis,Enterococcus.faecalis,0,cocci,1077,1077,Dataset-Bacteria/Enterococcus faecalis/12.png,3
Enterococcus.faecalis_25,Enterococcus faecalis,Enterococcus.faecalis,0,cocci,1225,1225,Dataset-Bacteria/Enterococcus faecalis/25.png,3
Enterococcus.faecalis_26,Enterococcus faecalis,Enterococcus.faecalis,0,cocci,1225,1225,Dataset-Bacteria/Enterococcus faecalis/26.png,3
Enterococcus.faecalis_30,Enterococcus faecalis,Enterococcus.faecalis,0,cocci,1225,1225,Dataset-Bacteria/Enterococcus faecalis/30.png,3
Enterococcus.faecalis_37,Enterococcus faecalis,Enterococcus.faecalis,0,cocci,994,994,Dataset-Bacteria/Enterococcus faecalis/37.png,3
Enterococcus.faecalis_41,Enterococcus faecalis,Enterococcus.faecalis,0,cocci,972,972,Dataset-Bacteria/Enterococcus faecalis/41.png,3
Enterococcus.faecalis_45,Enterococcus faecalis,Enterococcus.faecalis,0,cocci,1020,1020,Dataset-Bacteria/Enterococcus faecalis/45.png,3
Enterococcus.faecalis_48,Enterococcus faecalis,Enterococcus.faecalis,0,cocci,938,938,Dataset-Bacteria/Enterococcus faecalis/48.png,3
Enterococcus.faecalis_52,Enterococcus faecalis,Enterococcus.faecalis,0,cocci,1048,1048,Dataset-Bacteria/Enterococcus faecalis/52.png,3
Enterococcus.faecalis_54,Enterococcus faecalis,Enterococcus.faecalis,0,cocci,1107,1107,Dataset-Bacteria/Enterococcus faecalis/54.png,3
Enterococcus.faecium_13,Enterococcus faecium,Enterococcus.faecium,0,cocci,1225,1225,Dataset-Bacteria/Enterococcus faecium/13.png,3
Enterococcus.faecium_18,Enterococcus faecium,Enterococcus.faecium,0,cocci,1225,1225,Dataset-Bacteria/Enterococcus faecium/18.png,3
Enterococcus.faecium_23,Enterococcus faecium,Enterococcus.faecium,0,cocci,1225,1225,Dataset-Bacteria/Enterococcus faecium/23.png,3
Enterococcus.faecium_27,Enterococcus faecium,Enterococcus.faecium,0,cocci,1067,1067,Dataset-Bacteria/Enterococcus faecium/27.png,3
Enterococcus.faecium_37,Enterococcus faecium,Enterococcus.faecium,0,cocci,1142,1142,Dataset-Bacteria/Enterococcus faecium/37.png,3
Enterococcus.faecium_38,Enterococcus faecium,Enterococcus.faecium,0,cocci,1103,1103,Dataset-Bacteria/Enterococcus faecium/38.png,3
Enterococcus.faecium_40,Enterococcus faecium,Enterococcus.faecium,0,cocci,977,977,Dataset-Bacteria/Enterococcus faecium/40.png,3
Enterococcus.faecium_51,Enterococcus faecium,Enterococcus.faecium,0,cocci,994,994,Dataset-Bacteria/Enterococcus faecium/51.png,3
Enterococcus.faecium_52,Enterococcus faecium,Enterococcus.faecium,0,cocci,1029,1029,Dataset-Bacteria/Enterococcus faecium/52.png,3
Escherichia.coli_07,Escherichia coli,Escherichia.coli,1,bacilli,1225,1225,Dataset-Bacteria/Escherichia coli/07.png,3
Escherichia.coli_08,Escherichia coli,Escherichia.coli,1,bacilli,1225,1225,Dataset-Bacteria/Escherichia coli/08.png,3
Escherichia.coli_12,Escherichia coli,Escherichia.coli,1,bacilli,1225,1225,Dataset-Bacteria/Escherichia coli/12.png,3
Escherichia.coli_17,Escherichia coli,Escherichia.coli,1,bacilli,1225,1225,Dataset-Bacteria/Escherichia coli/17.png,3
Escherichia.coli_27,Escherichia coli,Escherichia.coli,1,bacilli,1225,1225,Dataset-Bacteria/Escherichia coli/27.png,3
Escherichia.coli_35,Escherichia coli,Escherichia.coli,1,bacilli,1081,1081,Dataset-Bacteria/Escherichia coli/35.png,3
Escherichia.coli_38,Escherichia coli,Escherichia.coli,1,bacilli,1129,1129,Dataset-Bacteria/Escherichia coli/38.png,3
Escherichia.coli_39,Escherichia coli,Escherichia.coli,1,bacilli,1129,1129,Dataset-Bacteria/Escherichia coli/39.png,3
Escherichia.coli_43,Escherichia coli,Escherichia.coli,1,bacilli,942,942,Dataset-Bacteria/Escherichia coli/43.png,3
Escherichia.coli_45,Escherichia coli,Escherichia.coli,1,bacilli,1116,1116,Dataset-Bacteria/Escherichia coli/45.png,3
Escherichia.coli_48,Escherichia coli,Escherichia.coli,1,bacilli,1038,1038,Dataset-Bacteria/Escherichia coli/48.png,3
Escherichia.coli_53,Escherichia coli,Escherichia.coli,1,bacilli,1103,1103,Dataset-Bacteria/Escherichia coli/53.png,3
Listeria.monocytogenes_01,Listeria monocytogenes,Listeria.monocytogenes,1,bacilli,1073,1073,Dataset-Bacteria/Listeria monocytogenes/01.png,3
Listeria.monocytogenes_05,Listeria monocytogenes,Listeria.monocytogenes,1,bacilli,1025,1025,Dataset-Bacteria/Listeria monocytogenes/05.png,3
Listeria.monocytogenes_09,Listeria monocytogenes,Listeria.monocytogenes,1,bacilli,1094,1094,Dataset-Bacteria/Listeria monocytogenes/09.png,3
Listeria.monocytogenes_15,Listeria monocytogenes,Listeria.monocytogenes,1,bacilli,1055,1055,Dataset-Bacteria/Listeria monocytogenes/15.png,3
Listeria.monocytogenes_17,Listeria monocytogenes,Listeria.monocytogenes,1,bacilli,1055,1055,Dataset-Bacteria/Listeria monocytogenes/17.png,3
Listeria.monocytogenes_37,Listeria monocytogenes,Listeria.monocytogenes,1,bacilli,1107,1107,Dataset-Bacteria/Listeria monocytogenes/37.png,3
Listeria.monocytogenes_40,Listeria monocytogenes,Listeria.monocytogenes,1,bacilli,1051,1051,Dataset-Bacteria/Listeria monocytogenes/40.png,3
Listeria.monocytogenes_46,Listeria monocytogenes,Listeria.monocytogenes,1,bacilli,1042,1042,Dataset-Bacteria/Listeria monocytogenes/46.png,3
Listeria.monocytogenes_49,Listeria monocytogenes,Listeria.monocytogenes,1,bacilli,1103,1103,Dataset-Bacteria/Listeria monocytogenes/49.png,3
Listeria.monocytogenes_51,Listeria monocytogenes,Listeria.monocytogenes,1,bacilli,832,832,Dataset-Bacteria/Listeria monocytogenes/51.png,3
Listeria.monocytogenes_52,Listeria monocytogenes,Listeria.monocytogenes,1,bacilli,832,832,Dataset-Bacteria/Listeria monocytogenes/52.png,3
Listeria.monocytogenes_54,Listeria monocytogenes,Listeria.monocytogenes,1,bacilli,1121,1121,Dataset-Bacteria/Listeria monocytogenes/54.png,3
Listeria.monocytogenes_58,Listeria monocytogenes,Listeria.monocytogenes,1,bacilli,1112,1112,Dataset-Bacteria/Listeria monocytogenes/58.png,3
Listeria.monocytogenes_63,Listeria monocytogenes,Listeria.monocytogenes,1,bacilli,1073,1073,Dataset-Bacteria/Listeria monocytogenes/63.png,3
Pseudomonas.aeruginosa_06,Pseudomonas aeruginosa,Pseudomonas.aeruginosa,1,bacilli,1051,1051,Dataset-Bacteria/Pseudomonas aeruginosa/06.png,3
Pseudomonas.aeruginosa_09,Pseudomonas aeruginosa,Pseudomonas.aeruginosa,1,bacilli,1051,1051,Dataset-Bacteria/Pseudomonas aeruginosa/09.png,3
Pseudomonas.aeruginosa_24,Pseudomonas aeruginosa,Pseudomonas.aeruginosa,1,bacilli,1225,1225,Dataset-Bacteria/Pseudomonas aeruginosa/24.png,3
Pseudomonas.aeruginosa_30,Pseudomonas aeruginosa,Pseudomonas.aeruginosa,1,bacilli,864,864,Dataset-Bacteria/Pseudomonas aeruginosa/30.png,3
Pseudomonas.aeruginosa_34,Pseudomonas aeruginosa,Pseudomonas.aeruginosa,1,bacilli,1068,1068,Dataset-Bacteria/Pseudomonas aeruginosa/34.png,3
Pseudomonas.aeruginosa_37,Pseudomonas aeruginosa,Pseudomonas.aeruginosa,1,bacilli,1025,1025,Dataset-Bacteria/Pseudomonas aeruginosa/37.png,3
Pseudomonas.aeruginosa_38,Pseudomonas aeruginosa,Pseudomonas.aeruginosa,1,bacilli,1025,1025,Dataset-Bacteria/Pseudomonas aeruginosa/38.png,3
Pseudomonas.aeruginosa_40,Pseudomonas aeruginosa,Pseudomonas.aeruginosa,1,bacilli,1064,1064,Dataset-Bacteria/Pseudomonas aeruginosa/40.png,3
Pseudomonas.aeruginosa_42,Pseudomonas aeruginosa,Pseudomonas.aeruginosa,1,bacilli,1090,1090,Dataset-Bacteria/Pseudomonas aeruginosa/42.png,3
Pseudomonas.aeruginosa_44,Pseudomonas aeruginosa,Pseudomonas.aeruginosa,1,bacilli,1099,1099,Dataset-Bacteria/Pseudomonas aeruginosa/44.png,3
Pseudomonas.aeruginosa_47,Pseudomonas aeruginosa,Pseudomonas.aeruginosa,1,bacilli,1064,1064,Dataset-Bacteria/Pseudomonas aeruginosa/47.png,3
Pseudomonas.aeruginosa_51,Pseudomonas aeruginosa,Pseudomonas.aeruginosa,1,bacilli,1060,1060,Dataset-Bacteria/Pseudomonas aeruginosa/51.png,3
Pseudomonas.aeruginosa_55,Pseudomonas aeruginosa,Pseudomonas.aeruginosa,1,bacilli,1064,1064,Dataset-Bacteria/Pseudomonas aeruginosa/55.png,3
Pseudomonas.aeruginosa_57,Pseudomonas aeruginosa,Pseudomonas.aeruginosa,1,bacilli,1064,1064,Dataset-Bacteria/Pseudomonas aeruginosa/57.png,3
Staphylococcus.aureus_03,Staphylococcus aureus,Staphylococcus.aureus,0,cocci,1081,1081,Dataset-Bacteria/Staphylococcus aureus/03.png,3
Staphylococcus.aureus_04,Staphylococcus aureus,Staphylococcus.aureus,0,cocci,1042,1042,Dataset-Bacteria/Staphylococcus aureus/04.png,3
Staphylococcus.aureus_08,Staphylococcus aureus,Staphylococcus.aureus,0,cocci,1225,1225,Dataset-Bacteria/Staphylococcus aureus/08.png,3
Staphylococcus.aureus_13,Staphylococcus aureus,Staphylococcus.aureus,0,cocci,1012,1012,Dataset-Bacteria/Staphylococcus aureus/13.png,3
Staphylococcus.aureus_18,Staphylococcus aureus,Staphylococcus.aureus,0,cocci,1073,1073,Dataset-Bacteria/Staphylococcus aureus/18.png,3
Staphylococcus.aureus_20,Staphylococcus aureus,Staphylococcus.aureus,0,cocci,916,916,Dataset-Bacteria/Staphylococcus aureus/20.png,3
Staphylococcus.aureus_23,Staphylococcus aureus,Staphylococcus.aureus,0,cocci,1012,1012,Dataset-Bacteria/Staphylococcus aureus/23.png,3
Staphylococcus.aureus_25,Staphylococcus aureus,Staphylococcus.aureus,0,cocci,1081,1081,Dataset-Bacteria/Staphylococcus aureus/25.png,3
Staphylococcus.aureus_33,Staphylococcus aureus,Staphylococcus.aureus,0,cocci,1068,1068,Dataset-Bacteria/Staphylococcus aureus/33.png,3
Staphylococcus.aureus_34,Staphylococcus aureus,Staphylococcus.aureus,0,cocci,1142,1142,Dataset-Bacteria/Staphylococcus aureus/34.png,3
Staphylococcus.aureus_38,Staphylococcus aureus,Staphylococcus.aureus,0,cocci,1103,1103,Dataset-Bacteria/Staphylococcus aureus/38.png,3
Staphylococcus.aureus_55,Staphylococcus aureus,Staphylococcus.aureus,0,cocci,1225,1225,Dataset-Bacteria/Staphylococcus aureus/55.png,3
Clostridium.perfringens_06,Clostridium perfringens,Clostridium.perfringens,1,bacilli,1160,1160,Dataset-Bacteria/Clostridium perfringens/06.png,4
Clostridium.perfringens_09,Clostridium perfringens,Clostridium.perfringens,1,bacilli,1225,1225,Dataset-Bacteria/Clostridium perfringens/09.png,4
Clostridium.perfringens_13,Clostridium perfringens,Clostridium.perfringens,1,bacilli,1225,1225,Dataset-Bacteria/Clostridium perfringens/13.png,4
Clostridium.perfringens_21,Clostridium perfringens,Clostridium.perfringens,1,bacilli,1225,1225,Dataset-Bacteria/Clostridium perfringens/21.png,4
Clostridium.perfringens_24,Clostridium perfringens,Clostridium.perfringens,1,bacilli,1225,1225,Dataset-Bacteria/Clostridium perfringens/24.png,4
Clostridium.perfringens_25,Clostridium perfringens,Clostridium.perfringens,1,bacilli,1225,1225,Dataset-Bacteria/Clostridium perfringens/25.png,4
Clostridium.perfringens_30,Clostridium perfringens,Clostridium.perfringens,1,bacilli,1138,1138,Dataset-Bacteria/Clostridium perfringens/30.png,4
Clostridium.perfringens_35,Clostridium perfringens,Clostridium.perfringens,1,bacilli,1225,1225,Dataset-Bacteria/Clostridium perfringens/35.png,4
Clostridium.perfringens_38,Clostridium perfringens,Clostridium.perfringens,1,bacilli,1051,1051,Dataset-Bacteria/Clostridium perfringens/38.png,4
Clostridium.perfringens_39,Clostridium perfringens,Clostridium.perfringens,1,bacilli,1051,1051,Dataset-Bacteria/Clostridium perfringens/39.png,4
Clostridium.perfringens_43,Clostridium perfringens,Clostridium.perfringens,1,bacilli,1016,1016,Dataset-Bacteria/Clostridium perfringens/43.png,4
Clostridium.perfringens_54,Clostridium perfringens,Clostridium.perfringens,1,bacilli,1051,1051,Dataset-Bacteria/Clostridium perfringens/54.png,4
Enterococcus.faecalis_14,Enterococcus faecalis,Enterococcus.faecalis,0,cocci,1225,1225,Dataset-Bacteria/Enterococcus faecalis/14.png,4
Enterococcus.faecalis_17,Enterococcus faecalis,Enterococcus.faecalis,0,cocci,911,911,Dataset-Bacteria/Enterococcus faecalis/17.png,4
Enterococcus.faecalis_18,Enterococcus faecalis,Enterococcus.faecalis,0,cocci,1225,1225,Dataset-Bacteria/Enterococcus faecalis/18.png,4
Enterococcus.faecalis_19,Enterococcus faecalis,Enterococcus.faecalis,0,cocci,1225,1225,Dataset-Bacteria/Enterococcus faecalis/19.png,4
Enterococcus.faecalis_23,Enterococcus faecalis,Enterococcus.faecalis,0,cocci,1077,1077,Dataset-Bacteria/Enterococcus faecalis/23.png,4
Enterococcus.faecalis_32,Enterococcus faecalis,Enterococcus.faecalis,0,cocci,1081,1081,Dataset-Bacteria/Enterococcus faecalis/32.png,4
Enterococcus.faecalis_35,Enterococcus faecalis,Enterococcus.faecalis,0,cocci,964,964,Dataset-Bacteria/Enterococcus faecalis/35.png,4
Enterococcus.faecalis_42,Enterococcus faecalis,Enterococcus.faecalis,0,cocci,911,911,Dataset-Bacteria/Enterococcus faecalis/42.png,4
Enterococcus.faecalis_49,Enterococcus faecalis,Enterococcus.faecalis,0,cocci,938,938,Dataset-Bacteria/Enterococcus faecalis/49.png,4
Enterococcus.faecalis_51,Enterococcus faecalis,Enterococcus.faecalis,0,cocci,1048,1048,Dataset-Bacteria/Enterococcus faecalis/51.png,4
Enterococcus.faecalis_58,Enterococcus faecalis,Enterococcus.faecalis,0,cocci,1121,1121,Dataset-Bacteria/Enterococcus faecalis/58.png,4
Enterococcus.faecalis_59,Enterococcus faecalis,Enterococcus.faecalis,0,cocci,1121,1121,Dataset-Bacteria/Enterococcus faecalis/59.png,4
Enterococcus.faecium_02,Enterococcus faecium,Enterococcus.faecium,0,cocci,1225,1225,Dataset-Bacteria/Enterococcus faecium/02.png,4
Enterococcus.faecium_12,Enterococcus faecium,Enterococcus.faecium,0,cocci,1225,1225,Dataset-Bacteria/Enterococcus faecium/12.png,4
Enterococcus.faecium_14,Enterococcus faecium,Enterococcus.faecium,0,cocci,1225,1225,Dataset-Bacteria/Enterococcus faecium/14.png,4
Enterococcus.faecium_21,Enterococcus faecium,Enterococcus.faecium,0,cocci,1225,1225,Dataset-Bacteria/Enterococcus faecium/21.png,4
Enterococcus.faecium_22,Enterococcus faecium,Enterococcus.faecium,0,cocci,1225,1225,Dataset-Bacteria/Enterococcus faecium/22.png,4
Enterococcus.faecium_32,Enterococcus faecium,Enterococcus.faecium,0,cocci,1225,1225,Dataset-Bacteria/Enterococcus faecium/32.png,4
Enterococcus.faecium_33,Enterococcus faecium,Enterococcus.faecium,0,cocci,1225,1225,Dataset-Bacteria/Enterococcus faecium/33.png,4
Enterococcus.faecium_34,Enterococcus faecium,Enterococcus.faecium,0,cocci,1025,1025,Dataset-Bacteria/Enterococcus faecium/34.png,4
Enterococcus.faecium_41,Enterococcus faecium,Enterococcus.faecium,0,cocci,1029,1029,Dataset-Bacteria/Enterococcus faecium/41.png,4
Enterococcus.faecium_44,Enterococcus faecium,Enterococcus.faecium,0,cocci,1142,1142,Dataset-Bacteria/Enterococcus faecium/44.png,4
Enterococcus.faecium_46,Enterococcus faecium,Enterococcus.faecium,0,cocci,1103,1103,Dataset-Bacteria/Enterococcus faecium/46.png,4
Enterococcus.faecium_47,Enterococcus faecium,Enterococcus.faecium,0,cocci,1103,1103,Dataset-Bacteria/Enterococcus faecium/47.png,4
Enterococcus.faecium_54,Enterococcus faecium,Enterococcus.faecium,0,cocci,1112,1112,Dataset-Bacteria/Enterococcus faecium/54.png,4
Escherichia.coli_01,Escherichia coli,Escherichia.coli,1,bacilli,1225,1225,Dataset-Bacteria/Escherichia coli/01.png,4
Escherichia.coli_03,Escherichia coli,Escherichia.coli,1,bacilli,1225,1225,Dataset-Bacteria/Escherichia coli/03.png,4
Escherichia.coli_04,Escherichia coli,Escherichia.coli,1,bacilli,1225,1225,Dataset-Bacteria/Escherichia coli/04.png,4
Escherichia.coli_09,Escherichia coli,Escherichia.coli,1,bacilli,1225,1225,Dataset-Bacteria/Escherichia coli/09.png,4
Escherichia.coli_18,Escherichia coli,Escherichia.coli,1,bacilli,1225,1225,Dataset-Bacteria/Escherichia coli/18.png,4
Escherichia.coli_19,Escherichia coli,Escherichia.coli,1,bacilli,1225,1225,Dataset-Bacteria/Escherichia coli/19.png,4
Escherichia.coli_22,Escherichia coli,Escherichia.coli,1,bacilli,1225,1225,Dataset-Bacteria/Escherichia coli/22.png,4
Escherichia.coli_25,Escherichia coli,Escherichia.coli,1,bacilli,1025,1025,Dataset-Bacteria/Escherichia coli/25.png,4
Escherichia.coli_36,Escherichia coli,Escherichia.coli,1,bacilli,1081,1081,Dataset-Bacteria/Escherichia coli/36.png,4
Escherichia.coli_41,Escherichia coli,Escherichia.coli,1,bacilli,942,942,Dataset-Bacteria/Escherichia coli/41.png,4
Escherichia.coli_42,Escherichia coli,Escherichia.coli,1,bacilli,942,942,Dataset-Bacteria/Escherichia coli/42.png,4
Escherichia.coli_47,Escherichia coli,Escherichia.coli,1,bacilli,1038,1038,Dataset-Bacteria/Escherichia coli/47.png,4
Escherichia.coli_50,Escherichia coli,Escherichia.coli,1,bacilli,1042,1042,Dataset-Bacteria/Escherichia coli/50.png,4
Escherichia.coli_52,Escherichia coli,Escherichia.coli,1,bacilli,1042,1042,Dataset-Bacteria/Escherichia coli/52.png,4
Listeria.monocytogenes_02,Listeria monocytogenes,Listeria.monocytogenes,1,bacilli,1073,1073,Dataset-Bacteria/Listeria monocytogenes/02.png,4
Listeria.monocytogenes_06,Listeria monocytogenes,Listeria.monocytogenes,1,bacilli,1090,1090,Dataset-Bacteria/Listeria monocytogenes/06.png,4
Listeria.monocytogenes_07,Listeria monocytogenes,Listeria.monocytogenes,1,bacilli,1090,1090,Dataset-Bacteria/Listeria monocytogenes/07.png,4
Listeria.monocytogenes_11,Listeria monocytogenes,Listeria.monocytogenes,1,bacilli,1094,1094,Dataset-Bacteria/Listeria monocytogenes/11.png,4
Listeria.monocytogenes_18,Listeria monocytogenes,Listeria.monocytogenes,1,bacilli,1077,1077,Dataset-Bacteria/Listeria monocytogenes/18.png,4
Listeria.monocytogenes_22,Listeria monocytogenes,Listeria.monocytogenes,1,bacilli,1016,1016,Dataset-Bacteria/Listeria monocytogenes/22.png,4
Listeria.monocytogenes_26,Listeria monocytogenes,Listeria.monocytogenes,1,bacilli,1090,1090,Dataset-Bacteria/Listeria monocytogenes/26.png,4
Listeria.monocytogenes_43,Listeria monocytogenes,Listeria.monocytogenes,1,bacilli,1090,1090,Dataset-Bacteria/Listeria monocytogenes/43.png,4
Listeria.monocytogenes_45,Listeria monocytogenes,Listeria.monocytogenes,1,bacilli,1042,1042,Dataset-Bacteria/Listeria monocytogenes/45.png,4
Listeria.monocytogenes_53,Listeria monocytogenes,Listeria.monocytogenes,1,bacilli,1121,1121,Dataset-Bacteria/Listeria monocytogenes/53.png,4
Listeria.monocytogenes_57,Listeria monocytogenes,Listeria.monocytogenes,1,bacilli,1112,1112,Dataset-Bacteria/Listeria monocytogenes/57.png,4
Listeria.monocytogenes_60,Listeria monocytogenes,Listeria.monocytogenes,1,bacilli,1025,1025,Dataset-Bacteria/Listeria monocytogenes/60.png,4
Listeria.monocytogenes_62,Listeria monocytogenes,Listeria.monocytogenes,1,bacilli,1025,1025,Dataset-Bacteria/Listeria monocytogenes/62.png,4
Pseudomonas.aeruginosa_01,Pseudomonas aeruginosa,Pseudomonas.aeruginosa,1,bacilli,864,864,Dataset-Bacteria/Pseudomonas aeruginosa/01.png,4
Pseudomonas.aeruginosa_07,Pseudomonas aeruginosa,Pseudomonas.aeruginosa,1,bacilli,1051,1051,Dataset-Bacteria/Pseudomonas aeruginosa/07.png,4
Pseudomonas.aeruginosa_08,Pseudomonas aeruginosa,Pseudomonas.aeruginosa,1,bacilli,1051,1051,Dataset-Bacteria/Pseudomonas aeruginosa/08.png,4
Pseudomonas.aeruginosa_14,Pseudomonas aeruginosa,Pseudomonas.aeruginosa,1,bacilli,1064,1064,Dataset-Bacteria/Pseudomonas aeruginosa/14.png,4
Pseudomonas.aeruginosa_36,Pseudomonas aeruginosa,Pseudomonas.aeruginosa,1,bacilli,1025,1025,Dataset-Bacteria/Pseudomonas aeruginosa/36.png,4
Pseudomonas.aeruginosa_45,Pseudomonas aeruginosa,Pseudomonas.aeruginosa,1,bacilli,1099,1099,Dataset-Bacteria/Pseudomonas aeruginosa/45.png,4
Pseudomonas.aeruginosa_46,Pseudomonas aeruginosa,Pseudomonas.aeruginosa,1,bacilli,1099,1099,Dataset-Bacteria/Pseudomonas aeruginosa/46.png,4
Pseudomonas.aeruginosa_56,Pseudomonas aeruginosa,Pseudomonas.aeruginosa,1,bacilli,1064,1064,Dataset-Bacteria/Pseudomonas aeruginosa/56.png,4
Pseudomonas.aeruginosa_61,Pseudomonas aeruginosa,Pseudomonas.aeruginosa,1,bacilli,962,962,Dataset-Bacteria/Pseudomonas aeruginosa/61.png,4
Pseudomonas.aeruginosa_62,Pseudomonas aeruginosa,Pseudomonas.aeruginosa,1,bacilli,962,962,Dataset-Bacteria/Pseudomonas aeruginosa/62.png,4
Staphylococcus.aureus_01,Staphylococcus aureus,Staphylococcus.aureus,0,cocci,1081,1081,Dataset-Bacteria/Staphylococcus aureus/01.png,4
Staphylococcus.aureus_02,Staphylococcus aureus,Staphylococcus.aureus,0,cocci,1081,1081,Dataset-Bacteria/Staphylococcus aureus/02.png,4
Staphylococcus.aureus_05,Staphylococcus aureus,Staphylococcus.aureus,0,cocci,1042,1042,Dataset-Bacteria/Staphylococcus aureus/05.png,4
Staphylococcus.aureus_12,Staphylococcus aureus,Staphylococcus.aureus,0,cocci,1012,1012,Dataset-Bacteria/Staphylococcus aureus/12.png,4
Staphylococcus.aureus_31,Staphylococcus aureus,Staphylococcus.aureus,0,cocci,1081,1081,Dataset-Bacteria/Staphylococcus aureus/31.png,4
Staphylococcus.aureus_32,Staphylococcus aureus,Staphylococcus.aureus,0,cocci,1168,1168,Dataset-Bacteria/Staphylococcus aureus/32.png,4
Staphylococcus.aureus_37,Staphylococcus aureus,Staphylococcus.aureus,0,cocci,1103,1103,Dataset-Bacteria/Staphylococcus aureus/37.png,4
Staphylococcus.aureus_40,Staphylococcus aureus,Staphylococcus.aureus,0,cocci,1086,1086,Dataset-Bacteria/Staphylococcus aureus/40.png,4
Staphylococcus.aureus_52,Staphylococcus aureus,Staphylococcus.aureus,0,cocci,1225,1225,Dataset-Bacteria/Staphylococcus aureus/52.png,4
Staphylococcus.aureus_58,Staphylococcus aureus,Staphylococcus.aureus,0,cocci,1155,1155,Dataset-Bacteria/Staphylococcus aureus/58.png,4
Staphylococcus.aureus_59,Staphylococcus aureus,Staphylococcus.aureus,0,cocci,1081,1081,Dataset-Bacteria/Staphylococcus aureus/59.png,4
Clostridium.perfringens_10,Clostridium perfringens,Clostridium.perfringens,1,bacilli,1225,1225,Dataset-Bacteria/Clostridium perfringens/10.png,5
Clostridium.perfringens_11,Clostridium perfringens,Clostridium.perfringens,1,bacilli,1225,1225,Dataset-Bacteria/Clostridium perfringens/11.png,5
Clostridium.perfringens_16,Clostridium perfringens,Clostridium.perfringens,1,bacilli,1225,1225,Dataset-Bacteria/Clostridium perfringens/16.png,5
Clostridium.perfringens_18,Clostridium perfringens,Clostridium.perfringens,1,bacilli,1225,1225,Dataset-Bacteria/Clostridium perfringens/18.png,5
Clostridium.perfringens_20,Clostridium perfringens,Clostridium.perfringens,1,bacilli,1225,1225,Dataset-Bacteria/Clostridium perfringens/20.png,5
Clostridium.perfringens_23,Clostridium perfringens,Clostridium.perfringens,1,bacilli,1225,1225,Dataset-Bacteria/Clostridium perfringens/23.png,5
Clostridium.perfringens_26,Clostridium perfringens,Clostridium.perfringens,1,bacilli,1225,1225,Dataset-Bacteria/Clostridium perfringens/26.png,5
Clostridium.perfringens_29,Clostridium perfringens,Clostridium.perfringens,1,bacilli,1138,1138,Dataset-Bacteria/Clostridium perfringens/29.png,5
Clostridium.perfringens_31,Clostridium perfringens,Clostridium.perfringens,1,bacilli,1138,1138,Dataset-Bacteria/Clostridium perfringens/31.png,5
Clostridium.perfringens_45,Clostridium perfringens,Clostridium.perfringens,1,bacilli,1125,1125,Dataset-Bacteria/Clostridium perfringens/45.png,5
Clostridium.perfringens_46,Clostridium perfringens,Clostridium.perfringens,1,bacilli,1051,1051,Dataset-Bacteria/Clostridium perfringens/46.png,5
Clostridium.perfringens_47,Clostridium perfringens,Clostridium.perfringens,1,bacilli,1051,1051,Dataset-Bacteria/Clostridium perfringens/47.png,5
Clostridium.perfringens_48,Clostridium perfringens,Clostridium.perfringens,1,bacilli,1051,1051,Dataset-Bacteria/Clostridium perfringens/48.png,5
Clostridium.perfringens_58,Clostridium perfringens,Clostridium.perfringens,1,bacilli,1125,1125,Dataset-Bacteria/Clostridium perfringens/58.png,5
Clostridium.perfringens_60,Clostridium perfringens,Clostridium.perfringens,1,bacilli,1055,1055,Dataset-Bacteria/Clostridium perfringens/60.png,5
Clostridium.perfringens_61,Clostridium perfringens,Clostridium.perfringens,1,bacilli,1055,1055,Dataset-Bacteria/Clostridium perfringens/61.png,5
Enterococcus.faecalis_13,Enterococcus faecalis,Enterococcus.faecalis,0,cocci,1225,1225,Dataset-Bacteria/Enterococcus faecalis/13.png,5
Enterococcus.faecalis_27,Enterococcus faecalis,Enterococcus.faecalis,0,cocci,1225,1225,Dataset-Bacteria/Enterococcus faecalis/27.png,5
Enterococcus.faecalis_29,Enterococcus faecalis,Enterococcus.faecalis,0,cocci,1225,1225,Dataset-Bacteria/Enterococcus faecalis/29.png,5
Enterococcus.faecalis_31,Enterococcus faecalis,Enterococcus.faecalis,0,cocci,1081,1081,Dataset-Bacteria/Enterococcus faecalis/31.png,5
Enterococcus.faecalis_33,Enterococcus faecalis,Enterococcus.faecalis,0,cocci,964,964,Dataset-Bacteria/Enterococcus faecalis/33.png,5
Enterococcus.faecalis_38,Enterococcus faecalis,Enterococcus.faecalis,0,cocci,994,994,Dataset-Bacteria/Enterococcus faecalis/38.png,5
Enterococcus.faecalis_39,Enterococcus faecalis,Enterococcus.faecalis,0,cocci,972,972,Dataset-Bacteria/Enterococcus faecalis/39.png,5
Enterococcus.faecalis_43,Enterococcus faecalis,Enterococcus.faecalis,0,cocci,911,911,Dataset-Bacteria/Enterococcus faecalis/43.png,5
Enterococcus.faecalis_53,Enterococcus faecalis,Enterococcus.faecalis,0,cocci,1048,1048,Dataset-Bacteria/Enterococcus faecalis/53.png,5
Enterococcus.faecium_01,Enterococcus faecium,Enterococcus.faecium,0,cocci,1225,1225,Dataset-Bacteria/Enterococcus faecium/01.png,5
Enterococcus.faecium_03,Enterococcus faecium,Enterococcus.faecium,0,cocci,1225,1225,Dataset-Bacteria/Enterococcus faecium/03.png,5
Enterococcus.faecium_07,Enterococcus faecium,Enterococcus.faecium,0,cocci,1225,1225,Dataset-Bacteria/Enterococcus faecium/07.png,5
Enterococcus.faecium_24,Enterococcus faecium,Enterococcus.faecium,0,cocci,1068,1068,Dataset-Bacteria/Enterococcus faecium/24.png,5
Enterococcus.faecium_26,Enterococcus faecium,Enterococcus.faecium,0,cocci,1225,1225,Dataset-Bacteria/Enterococcus faecium/26.png,5
Enterococcus.faecium_28,Enterococcus faecium,Enterococcus.faecium,0,cocci,1067,1067,Dataset-Bacteria/Enterococcus faecium/28.png,5
Enterococcus.faecium_29,Enterococcus faecium,Enterococcus.faecium,0,cocci,1225,1225,Dataset-Bacteria/Enterococcus faecium/29.png,5
Enterococcus.faecium_30,Enterococcus faecium,Enterococcus.faecium,0,cocci,1186,1186,Dataset-Bacteria/Enterococcus faecium/30.png,5
Enterococcus.faecium_35,Enterococcus faecium,Enterococcus.faecium,0,cocci,1142,1142,Dataset-Bacteria/Enterococcus faecium/35.png,5
Enterococcus.faecium_39,Enterococcus faecium,Enterococcus.faecium,0,cocci,1103,1103,Dataset-Bacteria/Enterococcus faecium/39.png,5
Enterococcus.faecium_43,Enterococcus faecium,Enterococcus.faecium,0,cocci,1055,1055,Dataset-Bacteria/Enterococcus faecium/43.png,5
Enterococcus.faecium_48,Enterococcus faecium,Enterococcus.faecium,0,cocci,1103,1103,Dataset-Bacteria/Enterococcus faecium/48.png,5
Enterococcus.faecium_53,Enterococcus faecium,Enterococcus.faecium,0,cocci,1029,1029,Dataset-Bacteria/Enterococcus faecium/53.png,5
Enterococcus.faecium_55,Enterococcus faecium,Enterococcus.faecium,0,cocci,1112,1112,Dataset-Bacteria/Enterococcus faecium/55.png,5
Escherichia.coli_06,Escherichia coli,Escherichia.coli,1,bacilli,1225,1225,Dataset-Bacteria/Escherichia coli/06.png,5
Escherichia.coli_13,Escherichia coli,Escherichia.coli,1,bacilli,1142,1142,Dataset-Bacteria/Escherichia coli/13.png,5
Escherichia.coli_14,Escherichia coli,Escherichia.coli,1,bacilli,1225,1225,Dataset-Bacteria/Escherichia coli/14.png,5
Escherichia.coli_23,Escherichia coli,Escherichia.coli,1,bacilli,1225,1225,Dataset-Bacteria/Escherichia coli/23.png,5
Escherichia.coli_32,Escherichia coli,Escherichia.coli,1,bacilli,1103,1103,Dataset-Bacteria/Escherichia coli/32.png,5
Escherichia.coli_33,Escherichia coli,Escherichia.coli,1,bacilli,1103,1103,Dataset-Bacteria/Escherichia coli/33.png,5
Escherichia.coli_46,Escherichia coli,Escherichia.coli,1,bacilli,1116,1116,Dataset-Bacteria/Escherichia coli/46.png,5
Escherichia.coli_55,Escherichia coli,Escherichia.coli,1,bacilli,1103,1103,Dataset-Bacteria/Escherichia coli/55.png,5
Escherichia.coli_57,Escherichia coli,Escherichia.coli,1,bacilli,1107,1107,Dataset-Bacteria/Escherichia coli/57.png,5
Listeria.monocytogenes_03,Listeria monocytogenes,Listeria.monocytogenes,1,bacilli,1025,1025,Dataset-Bacteria/Listeria monocytogenes/03.png,5
Listeria.monocytogenes_04,Listeria monocytogenes,Listeria.monocytogenes,1,bacilli,1025,1025,Dataset-Bacteria/Listeria monocytogenes/04.png,5
Listeria.monocytogenes_19,Listeria monocytogenes,Listeria.monocytogenes,1,bacilli,1077,1077,Dataset-Bacteria/Listeria monocytogenes/19.png,5
Listeria.monocytogenes_24,Listeria monocytogenes,Listeria.monocytogenes,1,bacilli,1090,1090,Dataset-Bacteria/Listeria monocytogenes/24.png,5
Listeria.monocytogenes_28,Listeria monocytogenes,Listeria.monocytogenes,1,bacilli,1038,1038,Dataset-Bacteria/Listeria monocytogenes/28.png,5
Listeria.monocytogenes_34,Listeria monocytogenes,Listeria.monocytogenes,1,bacilli,1068,1068,Dataset-Bacteria/Listeria monocytogenes/34.png,5
Listeria.monocytogenes_35,Listeria monocytogenes,Listeria.monocytogenes,1,bacilli,1068,1068,Dataset-Bacteria/Listeria monocytogenes/35.png,5
Listeria.monocytogenes_42,Listeria monocytogenes,Listeria.monocytogenes,1,bacilli,1090,1090,Dataset-Bacteria/Listeria monocytogenes/42.png,5
Listeria.monocytogenes_48,Listeria monocytogenes,Listeria.monocytogenes,1,bacilli,1103,1103,Dataset-Bacteria/Listeria monocytogenes/48.png,5
Listeria.monocytogenes_50,Listeria monocytogenes,Listeria.monocytogenes,1,bacilli,989,989,Dataset-Bacteria/Listeria monocytogenes/50.png,5
Listeria.monocytogenes_59,Listeria monocytogenes,Listeria.monocytogenes,1,bacilli,1112,1112,Dataset-Bacteria/Listeria monocytogenes/59.png,5
Pseudomonas.aeruginosa_02,Pseudomonas aeruginosa,Pseudomonas.aeruginosa,1,bacilli,864,864,Dataset-Bacteria/Pseudomonas aeruginosa/02.png,5
Pseudomonas.aeruginosa_04,Pseudomonas aeruginosa,Pseudomonas.aeruginosa,1,bacilli,1225,1225,Dataset-Bacteria/Pseudomonas aeruginosa/04.png,5
Pseudomonas.aeruginosa_05,Pseudomonas aeruginosa,Pseudomonas.aeruginosa,1,bacilli,1225,1225,Dataset-Bacteria/Pseudomonas aeruginosa/05.png,5
Pseudomonas.aeruginosa_17,Pseudomonas aeruginosa,Pseudomonas.aeruginosa,1,bacilli,972,972,Dataset-Bacteria/Pseudomonas aeruginosa/17.png,5
Pseudomonas.aeruginosa_19,Pseudomonas aeruginosa,Pseudomonas.aeruginosa,1,bacilli,972,972,Dataset-Bacteria/Pseudomonas aeruginosa/19.png,5
Pseudomonas.aeruginosa_22,Pseudomonas aeruginosa,Pseudomonas.aeruginosa,1,bacilli,981,981,Dataset-Bacteria/Pseudomonas aeruginosa/22.png,5
Pseudomonas.aeruginosa_26,Pseudomonas aeruginosa,Pseudomonas.aeruginosa,1,bacilli,1225,1225,Dataset-Bacteria/Pseudomonas aeruginosa/26.png,5
Pseudomonas.aeruginosa_27,Pseudomonas aeruginosa,Pseudomonas.aeruginosa,1,bacilli,1225,1225,Dataset-Bacteria/Pseudomonas aeruginosa/27.png,5
Pseudomonas.aeruginosa_29,Pseudomonas aeruginosa,Pseudomonas.aeruginosa,1,bacilli,1225,1225,Dataset-Bacteria/Pseudomonas aeruginosa/29.png,5
Pseudomonas.aeruginosa_35,Pseudomonas aeruginosa,Pseudomonas.aeruginosa,1,bacilli,1068,1068,Dataset-Bacteria/Pseudomonas aeruginosa/35.png,5
Pseudomonas.aeruginosa_59,Pseudomonas aeruginosa,Pseudomonas.aeruginosa,1,bacilli,1073,1073,Dataset-Bacteria/Pseudomonas aeruginosa/59.png,5
Pseudomonas.aeruginosa_60,Pseudomonas aeruginosa,Pseudomonas.aeruginosa,1,bacilli,1073,1073,Dataset-Bacteria/Pseudomonas aeruginosa/60.png,5
Pseudomonas.aeruginosa_63,Pseudomonas aeruginosa,Pseudomonas.aeruginosa,1,bacilli,1116,1116,Dataset-Bacteria/Pseudomonas aeruginosa/63.png,5
Staphylococcus.aureus_09,Staphylococcus aureus,Staphylococcus.aureus,0,cocci,1129,1129,Dataset-Bacteria/Staphylococcus aureus/09.png,5
Staphylococcus.aureus_14,Staphylococcus aureus,Staphylococcus.aureus,0,cocci,1012,1012,Dataset-Bacteria/Staphylococcus aureus/14.png,5
Staphylococcus.aureus_26,Staphylococcus aureus,Staphylococcus.aureus,0,cocci,1081,1081,Dataset-Bacteria/Staphylococcus aureus/26.png,5
Staphylococcus.aureus_28,Staphylococcus aureus,Staphylococcus.aureus,0,cocci,951,951,Dataset-Bacteria/Staphylococcus aureus/28.png,5
Staphylococcus.aureus_36,Staphylococcus aureus,Staphylococcus.aureus,0,cocci,1142,1142,Dataset-Bacteria/Staphylococcus aureus/36.png,5
Staphylococcus.aureus_39,Staphylococcus aureus,Staphylococcus.aureus,0,cocci,1103,1103,Dataset-Bacteria/Staphylococcus aureus/39.png,5
Staphylococcus.aureus_41,Staphylococcus aureus,Staphylococcus.aureus,0,cocci,1086,1086,Dataset-Bacteria/Staphylococcus aureus/41.png,5
Staphylococcus.aureus_43,Staphylococcus aureus,Staphylococcus.aureus,0,cocci,1112,1112,Dataset-Bacteria/Staphylococcus aureus/43.png,5
Staphylococcus.aureus_47,Staphylococcus aureus,Staphylococcus.aureus,0,cocci,1090,1090,Dataset-Bacteria/Staphylococcus aureus/47.png,5
Staphylococcus.aureus_51,Staphylococcus aureus,Staphylococcus.aureus,0,cocci,1116,1116,Dataset-Bacteria/Staphylococcus aureus/51.png,5
Staphylococcus.aureus_53,Staphylococcus aureus,Staphylococcus.aureus,0,cocci,1225,1225,Dataset-Bacteria/Staphylococcus aureus/53.png,5
Staphylococcus.aureus_54,Staphylococcus aureus,Staphylococcus.aureus,0,cocci,1225,1225,Dataset-Bacteria/Staphylococcus aureus/54.png,5
Staphylococcus.aureus_57,Staphylococcus aureus,Staphylococcus.aureus,0,cocci,1155,1155,Dataset-Bacteria/Staphylococcus aureus/57.png,5
