image_id,species_name_raw,species_name,binary_group,binary_label,width,height,mode,has_alpha,alpha_min,alpha_max,rgba_sha256,file_path
Clostridium.perfringens_01,Clostridium perfringens,Clostridium.perfringens,bacilli,1,1225,1225,RGBA,1,0,255,e2a6dafd04a0747f90c226822a3240bf4ebb87a62ad8ab564bfb98310bdf36ab,Dataset-Bacteria/Clostridium perfringens/01.png
Clostridium.perfringens_02,Clostridium perfringens,Clostridium.perfringens,bacilli,1,1225,1225,RGBA,1,0,255,fc3c7e73c2bcbae38b030b6276bcd964ae88d170e54c9d2970e0b58af3329ea1,Dataset-Bacteria/Clostridium perfringens/02.png
Clostridium.perfringens_03,Clostridium perfringens,Clostridium.perfringens,bacilli,1,1225,1225,RGBA,1,0,255,9c3d9e1d80542938a2ef625228f1625478bb6f2b374cec16e357422597ee0696,Dataset-Bacteria/Clostridium perfringens/03.png
Clostridium.perfringens_04,Clostridium perfringens,Clostridium.perfringens,bacilli,1,1225,1225,RGBA,1,0,255,bcef67b240e1ec3aff8801c692fdfe39b71aab7f69d2d5b427432e87fff4be89,Dataset-Bacteria/Clostridium perfringens/04.png
Clostridium.perfringens_05,Clostridium perfringens,Clostridium.perfringens,bacilli,1,1225,1225,RGBA,1,0,255,ec6b5a663d013586968ae1ea39b1e0d4d566484e6c11a7cf997463c17fb4b8a9,Dataset-Bacteria/Clostridium perfringens/05.png
Clostridium.perfringens_06,Clostridium perfringens,Clostridium.perfringens,bacilli,1,1160,1160,RGBA,1,0,255,9e314164f4aaad4a8ec4408213819ea6469868bc0f6d77b772d78d08bdd4ddc7,Dataset-Bacteria/Clostridium perfringens/06.png
Clostridium.perfringens_07,Clostridium perfringens,Clostridium.perfringens,bacilli,1,1225,1225,RGBA,1,0,255,61a9311a8be068c27ae22f11ae6b291dec40dcb89fcc09bc8a4bdd10f4cb8d85,Dataset-Bacteria/Clostridium perfringens/07.png
Clostridium.perfringens_08,Clostridium perfringens,Clostridium.perfringens,bacilli,1,1225,1225,RGBA,1,0,255,e4b5e6ed1a34487500fdfd8a901252c6bf9f702cfce668b8e4b6cc5ecb1f3e88,Dataset-Bacteria/Clostridium perfringens/08.png
Clostridium.perfringens_09,Clostridium perfringens,Clostridium.perfringens,bacilli,1,1225,1225,RGBA,1,0,255,2d56dc4e0f22e14ac06e124e86c85c8521b83e06ffc65f93d2fec61df0d0b1cd,Dataset-Bacteria/Clostridium perfringens/09.png
Clostridium.perfringens_10,Clostridium perfringens,Clostridium.perfringens,bacilli,1,1225,1225,RGBA,1,0,255,beadd0cdba56b9396a22420ed5a7082a9c55d46ad108016246be279628efcf93,Dataset-Bacteria/Clostridium perfringens/10.png
Clostridium.perfringens_11,Clostridium perfringens,Clostridium.perfringens,bacilli,1,1225,1225,RGBA,1,0,255,4dac3fed67159ed066cb7eba16a572422090a2a80465c819031df414f211b999,Dataset-Bacteria/Clostridium perfringens/11.png
Clostridium.perfringens_12,Clostridium perfringens,Clostridium.perfringens,bacilli,1,1225,1225,RGBA,1,0,255,66f3e70a5147373ed0def656c40f25ef12d4c932e60295e4de102b1726509070,Dataset-Bacteria/Clostridium perfringens/12.png
Clostridium.perfringens_13,Clostridium perfringens,Clostridium.perfringens,bacilli,1,1225,1225,RGBA,1,0,255,0866273cb68c103d66f1e17b226a0814ddf80915826c874c9006ab110687475a,Dataset-Bacteria/Clostridium perfringens/13.png
Clostridium.perfringens_14,Clostridium perfringens,Clostridium.perfringens,bacilli,1,1225,1225,RGBA,1,0,255,1df0149d6b37c1378bfeb696db2641e4d7fbc80842c47ddd485ce1a8a5eaa904,Dataset-Bacteria/Clostridium perfringens/14.png
Clostridium.perfringens_15,Clostridium perfringens,Clostridium.perfringens,bacilli,1,1225,1225,RGBA,1,0,255,5b0335df76b551a500e16f68490367e60608ef781f262b101856ce184fe123a8,Dataset-Bacteria/Clostridium perfringens/15.png
Clostridium.perfringens_16,Clostridium perfringens,Clostridium.perfringens,bacilli,1,1225,1225,RGBA,1,0,255,05f5df8c52ebda677bbb2ba9a0e63b7cfff09f6d594edd99bbeff5ccdb96775a,Dataset-Bacteria/Clostridium perfringens/16.png
Clostridium.perfringens_17,Clostridium perfringens,Clostridium.perfringens,bacilli,1,1225,1225,RGBA,1,0,255,d3dc1824f1030d435396b4c845226f2925b2dfcfa76a851cf40771a14a5b10bf,Dataset-Bacteria/Clostridium perfringens/17.png
Clostridium.perfringens_18,Clostridium perfringens,Clostridium.perfringens,bacilli,1,1225,1225,RGBA,1,0,255,1110bcf4f22eb1b1cb0f22de05f12a868b9af25e8bda0d3d38f1899f4fe89c9a,Dataset-Bacteria/Clostridium perfringens/18.png
Clostridium.perfringens_19,Clostridium perfringens,Clostridium.perfringens,bacilli,1,1225,1225,RGBA,1,0,255,1627cebe2bc6620e461473eb4cb836300da459325c13ca6e8ba29503ddb55241,Dataset-Bacteria/Clostridium perfringens/19.png
Clostridium.perfringens_20,Clostridium perfringens,Clostridium.perfringens,bacilli,1,1225,1225,RGBA,1,0,255,f94f2fdcd703eaaa3e3bfc256a2cc4cbdc80146965e1cb612eafcd9d55d831a7,Dataset-Bacteria/Clostridium perfringens/20.png
Clostridium.perfringens_21,Clostridium perfringens,Clostridium.perfringens,bacilli,1,1225,1225,RGBA,1,0,255,a547420afa61be544262996ded8d57c27f4b7034279f08d9acc0fa66de55715f,Dataset-Bacteria/Clostridium perfringens/21.png
Clostridium.perfringens_22,Clostridium perfringens,Clostridium.perfringens,bacilli,1,1225,1225,RGBA,1,0,255,9309c17d8e0c6012d63e1790d9f4376eb438c71f218421b8e55850400a538475,Dataset-Bacteria/Clostridium perfringens/22.png
Clostridium.perfringens_23,Clostridium perfringens,Clostridium.perfringens,bacilli,1,1225,1225,RGBA,1,0,255,33bcd0ab6822f6c81682f1417f4c6c5b51c0895e6e470f6b613658a2807d730c,Dataset-Bacteria/Clostridium perfringens/23.png
Clostridium.perfringens_24,Clostridium perfringens,Clostridium.perfringens,bacilli,1,1225,1225,RGBA,1,0,255,f62e25d5f9b3868304a39caea0cd5fe91a808a1122e8762894c8653cdc892535,Dataset-Bacteria/Clostridium perfringens/24.png
Clostridium.perfringens_25,Clostridium perfringens,Clostridium.perfringens,bacilli,1,1225,1225,RGBA,1,0,255,27d7dcb1a862249894f705cb7d5e451459fc6145446b0918024342902039ba2b,Dataset-Bacteria/Clostridium perfringens/25.png
Clostridium.perfringens_26,Clostridium perfringens,Clostridium.perfringens,bacilli,1,1225,1225,RGBA,1,0,255,f1b0107ea05054b3878a427dd80bc0755e7772f180790867dc7db5e0f854768e,Dataset-Bacteria/Clostridium perfringens/26.png
Clostridium.perfringens_27,Clostridium perfringens,Clostridium.perfringens,bacilli,1,1107,1107,RGBA,1,0,255,9d291bcdf16cd06aec9672d41cb1286c1685bb74e9983684d7742e29cd1b68ce,Dataset-Bacteria/Clostridium perfringens/27.png
Clostridium.perfringens_28,Clostridium perfringens,Clostridium.perfringens,bacilli,1,1225,1225,RGBA,1,0,255,aa7874432f69435922b3670344943a91f4729b046c0cf4fbcbfdec8c367ba3ae,Dataset-Bacteria/Clostridium perfringens/28.png
Clostridium.perfringens_29,Clostridium perfringens,Clostridium.perfringens,bacilli,1,1138,1138,RGBA,1,0,255,6f3d2a5d636877e54664510f7163d79e2ccdf7a65c74c4a0586d27dbf3c65047,Dataset-Bacteria/Clostridium perfringens/29.png
Clostridium.perfringens_30,Clostridium perfringens,Clostridium.perfringens,bacilli,1,1138,1138,RGBA,1,0,255,2b2b1d891318dff9fda7441c3d67c78fdf74ceae4491a66cf4d251848282cbca,Dataset-Bacteria/Clostridium perfringens/30.png
Clostridium.perfringens_31,Clostridium perfringens,Clostridium.perfringens,bacilli,1,1138,1138,RGBA,1,0,255,2413d1d38281664f11d6cba72ef1c566660a23e42807f2b5668c77115960c9eb,Dataset-Bacteria/Clostridium perfringens/31.png
Clostridium.perfringens_32,Clostridium perfringens,Clostridium.perfringens,bacilli,1,1225,1225,RGBA,1,0,255,37d4f09542bbf51106b064a014a45d4bf26d95c54b03e5819f36c78d9fdf1cf4,Dataset-Bacteria/Clostridium perfringens/32.png
Clostridium.perfringens_33,Clostridium perfringens,Clostridium.perfringens,bacilli,1,927,927,RGBA,1,0,255,a5083bd75c7fa4a35d6b5cb6e4ef6c939642cbc5db1c53a4d1b2aa1fbfdb819e,Dataset-Bacteria/Clostridium perfringens/33.png
Clostridium.perfringens_34,Clostridium perfringens,Clostridium.perfringens,bacilli,1,927,927,RGBA,1,0,255,aba8f88727bd015e7e66006ae4a67e22a8e9f90a75f5fcc130be67b334dfdb0d,Dataset-Bacteria/Clostridium perfringens/34.png
Clostridium.perfringens_35,Clostridium perfringens,Clostridium.perfringens,bacilli,1,1225,1225,RGBA,1,0,255,db6345540fa2d9e023a0e2d78a60e4e703ff184f8091ed174c83f38b5ecbe7ae,Dataset-Bacteria/Clostridium perfringens/35.png
Clostridium.perfringens_36,Clostridium perfringens,Clostridium.perfringens,bacilli,1,1225,1225,RGBA,1,0,255,e8cc62824aae4611f3dca1bd46cb965cdad86e726feacc69b95a7f29f3ed9c52,Dataset-Bacteria/Clostridium perfringens/36.png
Clostridium.perfringens_37,Clostridium perfringens,Clostridium.perfringens,bacilli,1,1225,1225,RGBA,1,0,255,5ebdb1123eeee362b76ba6399b7bd4690d76a11b65304cdfde2975e974dd794a,Dataset-Bacteria/Clostridium perfringens/37.png
Clostridium.perfringens_38,Clostridium perfringens,Clostridium.perfringens,bacilli,1,1051,1051,RGBA,1,0,255,500a849a1c9b34694f65a385959054132a2b8d0bb061a6df09e4116c5dffe6dc,Dataset-Bacteria/Clostridium perfringens/38.png
Clostridium.perfringens_39,Clostridium perfringens,Clostridium.perfringens,bacilli,1,1051,1051,RGBA,1,0,255,d94a219c7e33eb223062312808813bf7a931f0305bb44d10a2fa8805119b63c0,Dataset-Bacteria/Clostridium perfringens/39.png
Clostridium.perfringens_40,Clostridium perfringens,Clostridium.perfringens,bacilli,1,1051,1051,RGBA,1,0,255,b5f4ae18aa3a2cb6ff0bd3e00dde8be9cd597874cd537b5cd7df1442c0aef67d,Dataset-Bacteria/Clostridium perfringens/40.png
Clostridium.perfringens_41,Clostridium perfringens,Clostridium.perfringens,bacilli,1,1016,1016,RGBA,1,0,255,99c0845bebdbc5dc1d29bec710199e6123106022e3db5e8276f133a0179aa4b2,Dataset-Bacteria/Clostridium perfringens/41.png
Clostridium.perfringens_42,Clostridium perfringens,Clostridium.perfringens,bacilli,1,1016,1016,RGBA,1,0,255,c8887bd2cd2fd78d464d5f8d9d102f9807f011ca31b7924f8254e40dde12bd3f,Dataset-Bacteria/Clostridium perfringens/42.png
Clostridium.perfringens_43,Clostridium perfringens,Clostridium.perfringens,bacilli,1,1016,1016,RGBA,1,0,255,22e482d3c53c098926c44593d50e6a8667bdbdbb10efef5d29ab9ecf5409afd5,Dataset-Bacteria/Clostridium perfringens/43.png
Clostridium.perfringens_44,Clostridium perfringens,Clostridium.perfringens,bacilli,1,1103,1103,RGBA,1,0,255,49bb366ccf6914abb8cfbec0b8184a92500e9e841e955ccbbff0ab976d2e86e0,Dataset-Bacteria/Clostridium perfringens/44.png
Clostridium.perfringens_45,Clostridium perfringens,Clostridium.perfringens,bacilli,1,1125,1125,RGBA,1,0,255,8835bfaa4b0a911ed493a379146582a8b379c3140a915548a434003829aa94bd,Dataset-Bacteria/Clostridium perfringens/45.png
Clostridium.perfringens_46,Clostridium perfringens,Clostridium.perfringens,bacilli,1,1051,1051,RGBA,1,0,255,509ab0b455da6aae050d6a8e01680cab146098187d24fef002b6e994a5587fb9,Dataset-Bacteria/Clostridium perfringens/46.png
Clostridium.perfringens_47,Clostridium perfringens,Clostridium.perfringens,bacilli,1,1051,1051,RGBA,1,0,255,8886fdc07dd5360e5bf0f05cfaeb2b6cf2aeb7d49ac395b0a256b6a6b78186a6,Dataset-Bacteria/Clostridium perfringens/47.png
Clostridium.perfringens_48,Clostridium perfringens,Clostridium.perfringens,bacilli,1,1051,1051,RGBA,1,0,255,fedbee5eed561f42e8f442072568fe1e7c5f8afa9cce1fafff160cfddddfbb7e,Dataset-Bacteria/Clostridium perfringens/48.png
Clostridium.perfringens_49,Clostridium perfringens,Clostridium.perfringens,bacilli,1,946,946,RGBA,1,0,255,a028c155c8d2554f607a14c7e1ffeed70d0dee17ce776303919d29c92e1957f6,Dataset-Bacteria/Clostridium perfringens/49.png
Clostridium.perfringens_50,Clostridium perfringens,Clostridium.perfringens,bacilli,1,946,946,RGBA,1,0,255,5f088f4d2808343f08ff7c17ff9cb8b7d1e9b9c4f9264d6d48476e79e55d3165,Dataset-Bacteria/Clostridium perfringens/50.png
Clostridium.perfringens_51,Clostridium perfringens,Clostridium.perfringens,bacilli,1,946,946,RGBA,1,0,255,1b9d541e1b5aa0493001bd8ddeea03bd8c979b3baa5092c7ccfe0e7a44204c48,Dataset-Bacteria/Clostridium perfringens/51.png
Clostridium.perfringens_52,Clostridium perfringens,Clostridium.perfringens,bacilli,1,1051,1051,RGBA,1,0,255,776c4334f0cabe916dfe24adcd7d842d962e0e17d1298186247a447b73b0ba56,Dataset-Bacteria/Clostridium perfringens/52.png
Clostridium.perfringens_53,Clostridium perfringens,Clostridium.perfringens,bacilli,1,1051,1051,RGBA,1,0,255,c8856d4b0875aa981902525edfd97dc8a0dc1b5044f11d943ecc8da91e23c02f,Dataset-Bacteria/Clostridium perfringens/53.png
Clostridium.perfringens_54,Clostridium perfringens,Clostridium.perfringens,bacilli,1,1051,1051,RGBA,1,0,255,93bba5664cf08245199279762f117c9aaecfc9475eaf5f8e09148ffb4edee1f9,Dataset-Bacteria/Clostridium perfringens/54.png
Clostridium.perfringens_55,Clostridium perfringens,Clostridium.perfringens,bacilli,1,1103,1103,RGBA,1,0,255,d5cdfbe6a3162ab77ef3a24d3500107adcd5d1d1ee078585d994115108e20310,Dataset-Bacteria/Clostridium perfringens/55.png
Clostridium.perfringens_56,Clostridium perfringens,Clostridium.perfringens,bacilli,1,1103,1103,RGBA,1,0,255,543f63032f9a020d2579c647adf33b8373097d05b90e7b9b8d077886597fa2bd,Dataset-Bacteria/Clostridium perfringens/56.png
Clostridium.perfringens_57,Clostridium perfringens,Clostridium.perfringens,bacilli,1,1125,1125,RGBA,1,0,255,502e786e094d4e0dcef200fa2bbab6fa98f682af16cec32eb1a2b890dafe8a84,Dataset-Bacteria/Clostridium perfringens/57.png
Clostridium.perfringens_58,Clostridium perfringens,Clostridium.perfringens,bacilli,1,1125,1125,RGBA,1,0,255,5d03a1af523f93a28b302dc48caa5b66c9aee2c2dcab9faa76f694bf3b6582da,Dataset-Bacteria/Clostridium perfringens/58.png
Clostridium.perfringens_59,Clostridium perfringens,Clostridium.perfringens,bacilli,1,1055,1055,RGBA,1,0,255,897446caf95e2ba7cd45e59b2983ca5c2c9cb24190caa55c214455f507548221,Dataset-Bacteria/Clostridium perfringens/59.png
Clostridium.perfringens_60,Clostridium perfringens,Clostridium.perfringens,bacilli,1,1055,1055,RGBA,1,0,255,6bd3f28fa5aea7689c69ce579446f1daf95171564a026c7e05ef0bd56b96c4ce,Dataset-Bacteria/Clostridium perfringens/60.png
Clostridium.perfringens_61,Clostridium perfringens,Clostridium.perfringens,bacilli,1,1055,1055,RGBA,1,0,255,417317a0efd24a5d8cbf9d43fdb680f6b7d7f852edc9f4b6cb4f966180ee4f1a,Dataset-Bacteria/Clostridium perfringens/61.png
Clostridium.perfringens_62,Clostridium perfringens,Clostridium.perfringens,bacilli,1,927,927,RGBA,1,0,255,161ced62d06eef24728297033fd47e33844e91913e39a9f2e8d6fd8bd9a309a2,Dataset-Bacteria/Clostridium perfringens/62.png
Enterococcus.faecalis_01,Enterococcus faecalis,Enterococcus.faecalis,cocci,0,1225,1225,RGBA,1,0,255,43841fffb8ddd5103652a26fa7ee7947f9bb2f8caa0e83d4714f351e432a1a35,Dataset-Bacteria/Enterococcus faecalis/01.png
Enterococcus.faecalis_02,Enterococcus faecalis,Enterococcus.faecalis,cocci,0,1225,1225,RGBA,1,0,255,c12d1dce7ceaacf8f4c57bb2881b40ca61c3c4b5f4f78ed9e3d107aec81be2d0,Dataset-Bacteria/Enterococcus faecalis/02.png
Enterococcus.faecalis_03,Enterococcus faecalis,Enterococcus.faecalis,cocci,0,1225,1225,RGBA,1,0,255,16faf97946257594895e590c1068c4156f9e59d23217ada055f53272e399f900,Dataset-Bacteria/Enterococcus faecalis/03.png
Enterococcus.faecalis_04,Enterococcus faecalis,Enterococcus.faecalis,cocci,0,1225,1225,RGBA,1,0,255,e666e0f13687a5f065cf65fdd119504a4e2a0524c4686e509b02831a103d22b7,Dataset-Bacteria/Enterococcus faecalis/04.png
Enterococcus.faecalis_05,Enterococcus faecalis,Enterococcus.faecalis,cocci,0,1225,1225,RGBA,1,0,255,6cb2de06ac06ac9ecb3989b1c2ae1a5b43033d64d24c7710cd2deef1515d3637,Dataset-Bacteria/Enterococcus faecalis/05.png
Enterococcus.faecalis_06,Enterococcus faecalis,Enterococcus.faecalis,cocci,0,1225,1225,RGBA,1,0,255,c2a8d0863b94834843abc6dec833d9474dd8f7bee20bedd089683df266a9f0f5,Dataset-Bacteria/Enterococcus faecalis/06.png
Enterococcus.faecalis_07,Enterococcus faecalis,Enterococcus.faecalis,cocci,0,1225,1225,RGBA,1,0,255,9eab4a804195ef7c9c61b66b7d6cbacdd0cadd92604bb9c7e6157f3b2b1766fd,Dataset-Bacteria/Enterococcus faecalis/07.png
Enterococcus.faecalis_08,Enterococcus faecalis,Enterococcus.faecalis,cocci,0,1225,1225,RGBA,1,0,255,34aeddff4468c31c0c59c56626b0b29e82646d49f7e82b1cb1685b5dbcf90dd7,Dataset-Bacteria/Enterococcus faecalis/08.png
Enterococcus.faecalis_09,Enterococcus faecalis,Enterococcus.faecalis,cocci,0,1225,1225,RGBA,1,0,255,f4f3e58b5931744431e4b1abaa213866a154aacc9cab39592fb8332b317aa881,Dataset-Bacteria/Enterococcus faecalis/09.png
Enterococcus.faecalis_10,Enterococcus faecalis,Enterococcus.faecalis,cocci,0,1225,1225,RGBA,1,0,255,cd1715835bd46eba74a08f198540822dc0d211bab28ad44d7bb41e2b1adc4f56,Dataset-Bacteria/Enterococcus faecalis/10.png
Enterococcus.faecalis_11,Enterococcus faecalis,Enterococcus.faecalis,cocci,0,1046,1046,RGBA,1,0,255,1e08a918b43eb9be38a8b5bf5e2f4836fbfde2d086badfbdd5991cbfc407f35d,Dataset-Bacteria/Enterococcus faecalis/11.png
Enterococcus.faecalis_12,Enterococcus faecalis,Enterococcus.faecalis,cocci,0,1077,1077,RGBA,1,0,255,81e1ac42e0efeadd0387c462f17f8e4f287bc4ff18d6009d30e0aace50785e39,Dataset-Bacteria/Enterococcus faecalis/12.png
Enterococcus.faecalis_13,Enterococcus faecalis,Enterococcus.faecalis,cocci,0,1225,1225,RGBA,1,0,255,fbe0ab985ca7ed9380643dae4f10edf79315310efd6a13bed00870c85154e492,Dataset-Bacteria/Enterococcus faecalis/13.png
Enterococcus.faecalis_14,Enterococcus faecalis,Enterococcus.faecalis,cocci,0,1225,1225,RGBA,1,0,255,53866f14781549616f70431d6654b905533a92f8b0ece344d4fc0e10f938960f,Dataset-Bacteria/Enterococcus faecalis/14.png
Enterococcus.faecalis_15,Enterococcus faecalis,Enterococcus.faecalis,cocci,0,1225,1225,RGBA,1,0,255,cc252eba753457f7e348a493a84821ac7af9404f6dad10440dd356b89c0ebdec,Dataset-Bacteria/Enterococcus faecalis/15.png
Enterococcus.faecalis_16,Enterococcus faecalis,Enterococcus.faecalis,cocci,0,1225,1225,RGBA,1,0,255,898eff30344af6655654a356f16982f619dd5455e7373e30f03ab1383fe28086,Dataset-Bacteria/Enterococcus faecalis/16.png
Enterococcus.faecalis_17,Enterococcus faecalis,Enterococcus.faecalis,cocci,0,911,911,RGBA,1,0,255,680ad589b5516dd99171d0bc9e99e340e827a8f9a928aaaf90182f4793e0769e,Dataset-Bacteria/Enterococcus faecalis/17.png
Enterococcus.faecalis_18,Enterococcus faecalis,Enterococcus.faecalis,cocci,0,1225,1225,RGBA,1,0,255,53362d69e2ac7679609268a7f6d52df160d695a451e0a5b52449a7e1dabbaf05,Dataset-Bacteria/Enterococcus faecalis/18.png
Enterococcus.faecalis_19,Enterococcus faecalis,Enterococcus.faecalis,cocci,0,1225,1225,RGBA,1,0,255,c932d4466d7ff9f4bf78d190f5dc2ab86d4a985821fd72b7fcf5ee7639226d06,Dataset-Bacteria/Enterococcus faecalis/19.png
Enterococcus.faecalis_20,Enterococcus faecalis,Enterococcus.faecalis,cocci,0,1225,1225,RGBA,1,0,255,55e1d9cd0121ef2e8f7c0566abefd3ca1bd3cd39c8e1426cd777a88b0d6f62c3,Dataset-Bacteria/Enterococcus faecalis/20.png
Enterococcus.faecalis_21,Enterococcus faecalis,Enterococcus.faecalis,cocci,0,1225,1225,RGBA,1,0,255,fb17817a7576b7dd710e7507a05ff03c4bd064f8ae87ced33edbbb247b0cc75c,Dataset-Bacteria/Enterococcus faecalis/21.png
Enterococcus.faecalis_22,Enterococcus faecalis,Enterococcus.faecalis,cocci,0,1225,1225,RGBA,1,0,255,896a7b61ea58a20c16d61d76cfa3b6d08082069c0f42a3d8e9d4d1dbff56b1c5,Dataset-Bacteria/Enterococcus faecalis/22.png
Enterococcus.faecalis_23,Enterococcus faecalis,Enterococcus.faecalis,cocci,0,1077,1077,RGBA,1,0,255,01db519c8e88964735c3df311371bb0118f9d2234c65060f70dc0821ca0e168e,Dataset-Bacteria/Enterococcus faecalis/23.png
Enterococcus.faecalis_24,Enterococcus faecalis,Enterococcus.faecalis,cocci,0,1225,1225,RGBA,1,0,255,7a23d2d9e6e2b76e5dbe283bfacc5c5de05e72b87c58deda5fe6ef2f39e51250,Dataset-Bacteria/Enterococcus faecalis/24.png
Enterococcus.faecalis_25,Enterococcus faecalis,Enterococcus.faecalis,cocci,0,1225,1225,RGBA,1,0,255,c99542825b6d50377c81db8b16e95ee57250d3f0bb361bbc41bac6cdb375109c,Dataset-Bacteria/Enterococcus faecalis/25.png
Enterococcus.faecalis_26,Enterococcus faecalis,Enterococcus.faecalis,cocci,0,1225,1225,RGBA,1,0,255,c146ffc6f7cdf61b9ffb8a989d6757ad6ef299a742e98155ee62f9fef0a8efb5,Dataset-Bacteria/Enterococcus faecalis/26.png
Enterococcus.faecalis_27,Enterococcus faecalis,Enterococcus.faecalis,cocci,0,1225,1225,RGBA,1,0,255,7f60576b5b14277e9f8b57c5d8db278af785d1c846bf5d29766c6268c8c2313f,Dataset-Bacteria/Enterococcus faecalis/27.png
Enterococcus.faecalis_28,Enterococcus faecalis,Enterococcus.faecalis,cocci,0,1225,1225,RGBA,1,0,255,7d2af62558596e786af5a307d70840e6ece63a85880d7a4700e0cb50f2738765,Dataset-Bacteria/Enterococcus faecalis/28.png
Enterococcus.faecalis_29,Enterococcus faecalis,Enterococcus.faecalis,cocci,0,1225,1225,RGBA,1,0,255,d99b0566a6d95fae8969fab9e4db9e9a5c2287d09264046a7389ff744ec0312c,Dataset-Bacteria/Enterococcus faecalis/29.png
Enterococcus.faecalis_30,Enterococcus faecalis,Enterococcus.faecalis,cocci,0,1225,1225,RGBA,1,0,255,25bb628c1cef6b56142ca8a0171cfc47b927f2d3d746347f74d03d0354551feb,Dataset-Bacteria/Enterococcus faecalis/30.png
Enterococcus.faecalis_31,Enterococcus faecalis,Enterococcus.faecalis,cocci,0,1081,1081,RGBA,1,0,255,1213e9441038365fd3b1ae31e09fa20f354dc6513f5e2ec7010b63c2657b3265,Dataset-Bacteria/Enterococcus faecalis/31.png
Enterococcus.faecalis_32,Enterococcus faecalis,Enterococcus.faecalis,cocci,0,1081,1081,RGBA,1,0,255,4166ac5db37ecca5d43de00f8ef71282be88f88701a1ed150752bdbdc330cdc7,Dataset-Bacteria/Enterococcus faecalis/32.png
Enterococcus.faecalis_33,Enterococcus faecalis,Enterococcus.faecalis,cocci,0,964,964,RGBA,1,0,255,b3cb0de81b4de6cddb4f5d0cd6272e7d8ac70eb7806e62439d48de90d247c611,Dataset-Bacteria/Enterococcus faecalis/33.png
Enterococcus.faecalis_34,Enterococcus faecalis,Enterococcus.faecalis,cocci,0,964,964,RGBA,1,0,255,a1d38cfd0c74abc25d4a326beca3316db15818c5bd8ce6511b15ca062fbb7fdd,Dataset-Bacteria/Enterococcus faecalis/34.png
Enterococcus.faecalis_35,Enterococcus faecalis,Enterococcus.faecalis,cocci,0,964,964,RGBA,1,0,255,1cfebb931753d8f5328c834195ac928465c001cdf57eb7c242019fe4a7c39a1f,Dataset-Bacteria/Enterococcus faecalis/35.png
Enterococcus.faecalis_36,Enterococcus faecalis,Enterococcus.faecalis,cocci,0,994,994,RGBA,1,0,255,de79c7a3d159159811f975ffac6452b261834443ba991f0602bb63a107ab70e2,Dataset-Bacteria/Enterococcus faecalis/36.png
Enterococcus.faecalis_37,Enterococcus faecalis,Enterococcus.faecalis,cocci,0,994,994,RGBA,1,0,255,82c3bf685c921176b5905675660cc4f9f9319c0a1177f57fa63a0eefd8ffcaa4,Dataset-Bacteria/Enterococcus faecalis/37.png
Enterococcus.faecalis_38,Enterococcus faecalis,Enterococcus.faecalis,cocci,0,994,994,RGBA,1,0,255,a5ec042cb6cf200c7a42427163bcdc45b0848f0cadbeb1637c9278dee4c73b32,Dataset-Bacteria/Enterococcus faecalis/38.png
Enterococcus.faecalis_39,Enterococcus faecalis,Enterococcus.faecalis,cocci,0,972,972,RGBA,1,0,255,c2bbc06937ee1444ca9fa30fc98d91664bdc3f204c3ddc041c9ecefd5eba8c92,Dataset-Bacteria/Enterococcus faecalis/39.png
Enterococcus.faecalis_40,Enterococcus faecalis,Enterococcus.faecalis,cocci,0,972,972,RGBA,1,0,255,c69fe01fc852c2b72ec2cfc15f22e57d8123e16323907ac2182a1addab287837,Dataset-Bacteria/Enterococcus faecalis/40.png
Enterococcus.faecalis_41,Enterococcus faecalis,Enterococcus.faecalis,cocci,0,972,972,RGBA,1,0,255,1e7e0ab953a72caf2a56666b1d6a8faa4796346b03d9f16cd534e48a2abee2c8,Dataset-Bacteria/Enterococcus faecalis/41.png
Enterococcus.faecalis_42,Enterococcus faecalis,Enterococcus.faecalis,cocci,0,911,911,RGBA,1,0,255,75063289615275fbdcd299234c621d53bbf629eb03c85d03af38071c82344560,Dataset-Bacteria/Enterococcus faecalis/42.png
Enterococcus.faecalis_43,Enterococcus faecalis,Enterococcus.faecalis,cocci,0,911,911,RGBA,1,0,255,4d45c5e52e0c5428e143b2bf77dc0e7f4cf5db4e176ceb81ce1f054248bdb4db,Dataset-Bacteria/Enterococcus faecalis/43.png
Enterococcus.faecalis_44,Enterococcus faecalis,Enterococcus.faecalis,cocci,0,911,911,RGBA,1,0,255,f82f7b01230acd0b3bdda67704835cfe664b67ae9e63689e3de3c34d38d639dd,Dataset-Bacteria/Enterococcus faecalis/44.png
Enterococcus.faecalis_45,Enterococcus faecalis,Enterococcus.faecalis,cocci,0,1020,1020,RGBA,1,0,255,aa37274a2cb21c2df600b0ed8fb8c6214882b5f6c9aa54c469fca12ea305507f,Dataset-Bacteria/Enterococcus faecalis/45.png
Enterococcus.faecalis_46,Enterococcus faecalis,Enterococcus.faecalis,cocci,0,1020,1020,RGBA,1,0,255,47d45e123ede31a7446f84988dc67dd0b2fff41d074b5e3197a2dd7654803512,Dataset-Bacteria/Enterococcus faecalis/46.png
Enterococcus.faecalis_47,Enterococcus faecalis,Enterococcus.faecalis,cocci,0,1020,1020,RGBA,1,0,255,540a424fcdf1581dbda4b746b977ff75e4389487adc389d9b9a8829639a1212e,Dataset-Bacteria/Enterococcus faecalis/47.png
Enterococcus.faecalis_48,Enterococcus faecalis,Enterococcus.faecalis,cocci,0,938,938,RGBA,1,0,255,ed071966c76421dc5cfa76be4a653c439557480ab249a131b2d0686bcd0b68aa,Dataset-Bacteria/Enterococcus faecalis/48.png
Enterococcus.faecalis_49,Enterococcus faecalis,Enterococcus.faecalis,cocci,0,938,938,RGBA,1,0,255,530f19ddcfe57c41e12ddc43d1d6df9b52c4f41f64b0c06adb6c8c188f310de2,Dataset-Bacteria/Enterococcus faecalis/49.png
Enterococcus.faecalis_50,Enterococcus faecalis,Enterococcus.faecalis,cocci,0,938,938,RGBA,1,0,255,4c868054623167b291c2c84a55cc7751a681253c070241498bae2695176e0fbc,Dataset-Bacteria/Enterococcus faecalis/50.png
Enterococcus.faecalis_51,Enterococcus faecalis,Enterococcus.faecalis,cocci,0,1048,1048,RGBA,1,0,255,ec821e1dc3206a67d0bbff327a30ce3c0a07165d23c893da273796b688a9ed77,Dataset-Bacteria/Enterococcus faecalis/51.png
Enterococcus.faecalis_52,Enterococcus faecalis,Enterococcus.faecalis,cocci,0,1048,1048,RGBA,1,0,255,569a9aa01483266604275551eef1cb6537abb4c01db04da96d3a87e4dbc8b07e,Dataset-Bacteria/Enterococcus faecalis/52.png
Enterococcus.faecalis_53,Enterococcus faecalis,Enterococcus.faecalis,cocci,0,1048,1048,RGBA,1,0,255,0a4a2e75410a4aeee3293bd6fe71e43b19d6e92d4544441279619b7452ce8b27,Dataset-Bacteria/Enterococcus faecalis/53.png
Enterococcus.faecalis_54,Enterococcus faecalis,Enterococcus.faecalis,cocci,0,1107,1107,RGBA,1,0,255,4bd22ba4b37f0db3d23e1bffba9dd56466e6549324f19c1c57240aba2b75a030,Dataset-Bacteria/Enterococcus faecalis/54.png
Enterococcus.faecalis_55,Enterococcus faecalis,Enterococcus.faecalis,cocci,0,1107,1107,RGBA,1,0,255,7ccb2b9b304e8242282fe8d64c98fab38d0883af089e99b00b8ba321325c4a28,Dataset-Bacteria/Enterococcus faecalis/55.png
Enterococcus.faecalis_56,Enterococcus faecalis,Enterococcus.faecalis,cocci,0,1107,1107,RGBA,1,0,255,9e0c715a78fbd7445d704b4bec6edd6b0291cc2c6a38d9ef73a79a6efdbd9a78,Dataset-Bacteria/Enterococcus faecalis/56.png
Enterococcus.faecalis_57,Enterococcus faecalis,Enterococcus.faecalis,cocci,0,1121,1121,RGBA,1,0,255,dc608c436f55a16a9e93379037ca195f7bd1dcb7ca944ffcc85745040690fd7b,Dataset-Bacteria/Enterococcus faecalis/57.png
Enterococcus.faecalis_58,Enterococcus faecalis,Enterococcus.faecalis,cocci,0,1121,1121,RGBA,1,0,255,782ddc39a234471d932e097140a3f324440ee0e8bde6f54eb34a66ef2d678324,Dataset-Bacteria/Enterococcus faecalis/58.png
Enterococcus.faecalis_59,Enterococcus faecalis,Enterococcus.faecalis,cocci,0,1121,1121,RGBA,1,0,255,e964bef9a3da005e185f3a8ebde0fc7d101f16dbbf80b22f4bfb4e25daffa57e,Dataset-Bacteria/Enterococcus faecalis/59.png
Enterococcus.faecalis_60,Enterococcus faecalis,Enterococcus.faecalis,cocci,0,1081,1081,RGBA,1,0,255,cc18801d2937ebc4434ef0c526f536fcf4b1ee3e3348696270e67209eaa2f0e6,Dataset-Bacteria/Enterococcus faecalis/60.png
Enterococcus.faecium_01,Enterococcus faecium,Enterococcus.faecium,cocci,0,1225,1225,RGBA,1,0,255,1da56f676da3db1dbf41019c11af00e9a4a08c7e0f26674487add40a86781f85,Dataset-Bacteria/Enterococcus faecium/01.png
Enterococcus.faecium_02,Enterococcus faecium,Enterococcus.faecium,cocci,0,1225,1225,RGBA,1,0,255,41be812dd6225e29adadf3574a5690145ca1859ba2379afddaec38b46e793a95,Dataset-Bacteria/Enterococcus faecium/02.png
Enterococcus.faecium_03,Enterococcus faecium,Enterococcus.faecium,cocci,0,1225,1225,RGBA,1,0,255,8544aa80b1bd2f526718be745e9e7a398a746ca45082df29498722445151f275,Dataset-Bacteria/Enterococcus faecium/03.png
Enterococcus.faecium_04,Enterococcus faecium,Enterococcus.faecium,cocci,0,1225,1225,RGBA,1,0,255,0556c1532d9b011abf9413a7fc83047b2da2cc07f163ed157ac5039eebc1bbb9,Dataset-Bacteria/Enterococcus faecium/04.png
Enterococcus.faecium_05,Enterococcus faecium,Enterococcus.faecium,cocci,0,1225,1225,RGBA,1,0,255,5c898f3da14519dc4d402133b6e308beae27c0bd8cb14872a1893c59d4d38b64,Dataset-Bacteria/Enterococcus faecium/05.png
Enterococcus.faecium_06,Enterococcus faecium,Enterococcus.faecium,cocci,0,1225,1225,RGBA,1,0,255,e010b0d9792e939455bf463ce023cf8bd8a09dfd0ae5f48128a68c9faad7f26d,Dataset-Bacteria/Enterococcus faecium/06.png
Enterococcus.faecium_07,Enterococcus faecium,Enterococcus.faecium,cocci,0,1225,1225,RGBA,1,0,255,c3826ee48d89ba96aa6af266b3c64a4867d4096d14008d201c25c524cbb9aadd,Dataset-Bacteria/Enterococcus faecium/07.png
Enterococcus.faecium_08,Enterococcus faecium,Enterococcus.faecium,cocci,0,1225,1225,RGBA,1,0,255,aa6145ef3dafca3a44bf988d21358e5b4142427050ebe5a518741072f39e6895,Dataset-Bacteria/Enterococcus faecium/08.png
Enterococcus.faecium_09,Enterococcus faecium,Enterococcus.faecium,cocci,0,1225,1225,RGBA,1,0,255,4bfec908fc7f52cf0dc433563d6accb4599cd63162ae95d6efcdcdbd9056b5e5,Dataset-Bacteria/Enterococcus faecium/09.png
Enterococcus.faecium_10,Enterococcus faecium,Enterococcus.faecium,cocci,0,1225,1225,RGBA,1,0,255,611c54340e6d2469e15741f17f57190c081a078d6866c9e1730824272f648383,Dataset-Bacteria/Enterococcus faecium/10.png
Enterococcus.faecium_11,Enterococcus faecium,Enterococcus.faecium,cocci,0,1225,1225,RGBA,1,0,255,e2eb1bb3bcc8bca7e63af4cb6a2175913db023639df86367f1f798d30d62a6fd,Dataset-Bacteria/Enterococcus faecium/11.png
Enterococcus.faecium_12,Enterococcus faecium,Enterococcus.faecium,cocci,0,1225,1225,RGBA,1,0,255,29ab29014f49339b1b3b61ea7ae1209b449359f3298dcc0a6ac514295b7543ba,Dataset-Bacteria/Enterococcus faecium/12.png
Enterococcus.faecium_13,Enterococcus faecium,Enterococcus.faecium,cocci,0,1225,1225,RGBA,1,0,255,6db284898dc931279821b24be11cecdde964de72391fd806ea8c7651955f2fed,Dataset-Bacteria/Enterococcus faecium/13.png
Enterococcus.faecium_14,Enterococcus faecium,Enterococcus.faecium,cocci,0,1225,1225,RGBA,1,0,255,ef0e5584ce8c964e4e6872ddb9f6cb78dfd10c757df030d139a968f039f25b2c,Dataset-Bacteria/Enterococcus faecium/14.png
Enterococcus.faecium_15,Enterococcus faecium,Enterococcus.faecium,cocci,0,1225,1225,RGBA,1,0,255,81d1db93a9316dcad7d3b7ffa7b487ed0cbd946ac11e22a4b182e79713343f6c,Dataset-Bacteria/Enterococcus faecium/15.png
Enterococcus.faecium_16,Enterococcus faecium,Enterococcus.faecium,cocci,0,1225,1225,RGBA,1,0,255,093d9621762454bd1ee136727966c85b9655382e8a992a1648d708c53a866714,Dataset-Bacteria/Enterococcus faecium/16.png
Enterococcus.faecium_17,Enterococcus faecium,Enterococcus.faecium,cocci,0,1225,1225,RGBA,1,0,255,9c0e467c4d3975fa54940816d415b38ad6ae1fbd555a0a5539737bf5e5f84f55,Dataset-Bacteria/Enterococcus faecium/17.png
Enterococcus.faecium_18,Enterococcus faecium,Enterococcus.faecium,cocci,0,1225,1225,RGBA,1,0,255,ea3027a6327d0f70159674f444f8a52ef1e6700ac6c9963794cc969a8b379ff8,Dataset-Bacteria/Enterococcus faecium/18.png
Enterococcus.faecium_19,Enterococcus faecium,Enterococcus.faecium,cocci,0,1225,1225,RGBA,1,0,255,be11be094f26873609d11693e3cfba95742825de8801a8d93fe6cbf4e3895dac,Dataset-Bacteria/Enterococcus faecium/19.png
Enterococcus.faecium_20,Enterococcus faecium,Enterococcus.faecium,cocci,0,1225,1225,RGBA,1,0,255,7f564c150e3ba4cee1130cebb2e4f0032024b3579bf046712370f068d0617703,Dataset-Bacteria/Enterococcus faecium/20.png
Enterococcus.faecium_21,Enterococcus faecium,Enterococcus.faecium,cocci,0,1225,1225,RGBA,1,0,255,e48a37ed395d403e5a36759dd30d5240a8d165034eb336f68dbc067300de8982,Dataset-Bacteria/Enterococcus faecium/21.png
Enterococcus.faecium_22,Enterococcus faecium,Enterococcus.faecium,cocci,0,1225,1225,RGBA,1,0,255,a36227ad5e230c27c3ad5f38d9a5ac90c8cdd834b9cbfb4676a29c6eb909649d,Dataset-Bacteria/Enterococcus faecium/22.png
Enterococcus.faecium_23,Enterococcus faecium,Enterococcus.faecium,cocci,0,1225,1225,RGBA,1,0,255,729f52e0613abda6681a108ca6418f2f15042ba67017881b35ac5efc91e57319,Dataset-Bacteria/Enterococcus faecium/23.png
Enterococcus.faecium_24,Enterococcus faecium,Enterococcus.faecium,cocci,0,1068,1068,RGBA,1,0,255,58d2d74340c75e58ccd03c4d5852e38385a9b7a53f24ef70fdbff2d8f3f8b0dc,Dataset-Bacteria/Enterococcus faecium/24.png
Enterococcus.faecium_25,Enterococcus faecium,Enterococcus.faecium,cocci,0,1225,1225,RGBA,1,0,255,f04671e23f50218fe8df1e7c29f19e97825590d3280f2fb06bc97f6a04401778,Dataset-Bacteria/Enterococcus faecium/25.png
Enterococcus.faecium_26,Enterococcus faecium,Enterococcus.faecium,cocci,0,1225,1225,RGBA,1,0,255,75a6a30ad7e4eaaf7d4922da998e91f3091d40bf1c629502aa0ffe3989bc64ed,Dataset-Bacteria/Enterococcus faecium/26.png
Enterococcus.faecium_27,Enterococcus faecium,Enterococcus.faecium,cocci,0,1067,1067,RGBA,1,0,255,e3b57e91769b51f13bbd236e250735b39d60878972f99c92314914eca5429c6a,Dataset-Bacteria/Enterococcus faecium/27.png
Enterococcus.faecium_28,Enterococcus faecium,Enterococcus.faecium,cocci,0,1067,1067,RGBA,1,0,255,1e512889132b4de0a6d0c9ab0a52bb1e93c841506c3abbf23aa4dbfdbe349719,Dataset-Bacteria/Enterococcus faecium/28.png
Enterococcus.faecium_29,Enterococcus faecium,Enterococcus.faecium,cocci,0,1225,1225,RGBA,1,0,255,c92e66d7d35840e507ee88d7d5fdb5caebcda93290bf3582456052ba0669a3d7,Dataset-Bacteria/Enterococcus faecium/29.png
Enterococcus.faecium_30,Enterococcus faecium,Enterococcus.faecium,cocci,0,1186,1186,RGBA,1,0,255,dd897789d9ba4a4b3ea5c7b4ec75fa5cb3b38b4d166121d4515d1cf52eb4a028,Dataset-Bacteria/Enterococcus faecium/30.png
Enterococcus.faecium_31,Enterococcus faecium,Enterococcus.faecium,cocci,0,1186,1186,RGBA,1,0,255,4f505e64bc5eb5220099298dae357410aa59e4a4a37eb50f011e98ab70435398,Dataset-Bacteria/Enterococcus faecium/31.png
Enterococcus.faecium_32,Enterococcus faecium,Enterococcus.faecium,cocci,0,1225,1225,RGBA,1,0,255,785f17e4a9add875b8d356d895e573b8508befa596ce41c9ef311ae8d55e3835,Dataset-Bacteria/Enterococcus faecium/32.png
Enterococcus.faecium_33,Enterococcus faecium,Enterococcus.faecium,cocci,0,1225,1225,RGBA,1,0,255,0a69ee2612535dc63731932e23b98e811793a2b56e6c5df9ce9a68e73c90f537,Dataset-Bacteria/Enterococcus faecium/33.png
Enterococcus.faecium_34,Enterococcus faecium,Enterococcus.faecium,cocci,0,1025,1025,RGBA,1,0,255,4ca585a540a8f3afb90ccfc79399c7f7f96005bf58be786bea401fcf5537d663,Dataset-Bacteria/Enterococcus faecium/34.png
Enterococcus.faecium_35,Enterococcus faecium,Enterococcus.faecium,cocci,0,1142,1142,RGBA,1,0,255,2c7db4e21cb489812ef0c3cbaa5bd1dbc0c5f54cec95b4c27a5d3c1b556cf582,Dataset-Bacteria/Enterococcus faecium/35.png
Enterococcus.faecium_36,Enterococcus faecium,Enterococcus.faecium,cocci,0,1142,1142,RGBA,1,0,255,2c0f9f2d96a164f7e7fb5f028de93034f621e9433c269e2768c69f93d9d21f8e,Dataset-Bacteria/Enterococcus faecium/36.png
Enterococcus.faecium_37,Enterococcus faecium,Enterococcus.faecium,cocci,0,1142,1142,RGBA,1,0,255,c0d233e65c74e30e6e1932d5833a439d21b7440d1b34200a8ca9501b699e7d62,Dataset-Bacteria/Enterococcus faecium/37.png
Enterococcus.faecium_38,Enterococcus faecium,Enterococcus.faecium,cocci,0,1103,1103,RGBA,1,0,255,58125a2da0c7b7066fc9d11025a953b7141f135230cdbef9dce822eb5bc39845,Dataset-Bacteria/Enterococcus faecium/38.png
Enterococcus.faecium_39,Enterococcus faecium,Enterococcus.faecium,cocci,0,1103,1103,RGBA,1,0,255,1d71d76921234a2c0c822688ab9623a88c361041640dd34aa97768f01cd6d702,Dataset-Bacteria/Enterococcus faecium/39.png
Enterococcus.faecium_40,Enterococcus faecium,Enterococcus.faecium,cocci,0,977,977,RGBA,1,0,255,e63d5dee7f70a70e2b386897f0650b14fb4f3a4910d46841f08a4867bf16bf92,Dataset-Bacteria/Enterococcus faecium/40.png
Enterococcus.faecium_41,Enterococcus faecium,Enterococcus.faecium,cocci,0,1029,1029,RGBA,1,0,255,8093eb05d3fb798bc8325cbc104b7cd828985b0060a41beac8597de2501f6792,Dataset-Bacteria/Enterococcus faecium/41.png
Enterococcus.faecium_42,Enterococcus faecium,Enterococcus.faecium,cocci,0,1112,1112,RGBA,1,0,255,b1fa5be2748d11c7fa314bbda2e7f435109ccc5f6c06227daac56adc89861d96,Dataset-Bacteria/Enterococcus faecium/42.png
Enterococcus.faecium_43,Enterococcus faecium,Enterococcus.faecium,cocci,0,1055,1055,RGBA,1,0,255,7c31ef4a13106874bbea22c8ea54ff83ab10e23a195435851d7aaa8d2dea4604,Dataset-Bacteria/Enterococcus faecium/43.png
Enterococcus.faecium_44,Enterococcus faecium,Enterococcus.faecium,cocci,0,1142,1142,RGBA,1,0,255,8f103e60cc0bc21d4f3479f4c2320d818ee0412b8c3f274fcdfa4c9e05ac2312,Dataset-Bacteria/Enterococcus faecium/44.png
Enterococcus.faecium_45,Enterococcus faecium,Enterococcus.faecium,cocci,0,1142,1142,RGBA,1,0,255,a2c7920600ee65376cb16e8c712ef2255bc4a75df16bdbd09e1eaaaaf4b2644b,Dataset-Bacteria/Enterococcus faecium/45.png
Enterococcus.faecium_46,Enterococcus faecium,Enterococcus.faecium,cocci,0,1103,1103,RGBA,1,0,255,c2f93879b42ff9bd234f3734979d709ba28a8875f9f2361c0a1d43316f6eb573,Dataset-Bacteria/Enterococcus faecium/46.png
Enterococcus.faecium_47,Enterococcus faecium,Enterococcus.faecium,cocci,0,1103,1103,RGBA,1,0,255,c8cb35f5f40377f908773c0043b069832b0cc119760cce51196388a72190e2b8,Dataset-Bacteria/Enterococcus faecium/47.png
Enterococcus.faecium_48,Enterococcus faecium,Enterococcus.faecium,cocci,0,1103,1103,RGBA,1,0,255,990aab90cf0e65b7b1dbb91a5f35cee2706e0ff27315797c5e60caf20da86362,Dataset-Bacteria/Enterococcus faecium/48.png
Enterococcus.faecium_49,Enterococcus faecium,Enterococcus.faecium,cocci,0,994,994,RGBA,1,0,255,8b2147bbe776c6503caf66dc3a139600ef46ec89b4c8c9ea864d85301f1e3015,Dataset-Bacteria/Enterococcus faecium/49.png
Enterococcus.faecium_50,Enterococcus faecium,Enterococcus.faecium,cocci,0,994,994,RGBA,1,0,255,4480fc680decc63f28e28c9c46da60d27a68627b93d2620d4c838616e1428239,Dataset-Bacteria/Enterococcus faecium/50.png
Enterococcus.faecium_51,Enterococcus faecium,Enterococcus.faecium,cocci,0,994,994,RGBA,1,0,255,2103269cd43dd6d98cab1c5db4f847c741179c2f40d0b7232b960801e8b778d3,Dataset-Bacteria/Enterococcus faecium/51.png
Enterococcus.faecium_52,Enterococcus faecium,Enterococcus.faecium,cocci,0,1029,1029,RGBA,1,0,255,5ea8e9fc7ef135c6a62fa82357671da081f369b1f9bec856d7f9cf0e4434a6e5,Dataset-Bacteria/Enterococcus faecium/52.png
Enterococcus.faecium_53,Enterococcus faecium,Enterococcus.faecium,cocci,0,1029,1029,RGBA,1,0,255,66e8b6867bbeb8a462d4950c36906be78df33d87e9b2bc1f9c2a604bd8d6a061,Dataset-Bacteria/Enterococcus faecium/53.png
Enterococcus.faecium_54,Enterococcus faecium,Enterococcus.faecium,cocci,0,1112,1112,RGBA,1,0,255,d3da16ec5e3d20a7201a8367f364687fdce1f597cfbfdbb3049162740e454c2f,Dataset-Bacteria/Enterococcus faecium/54.png
Enterococcus.faecium_55,Enterococcus faecium,Enterococcus.faecium,cocci,0,1112,1112,RGBA,1,0,255,f195ce34a4d5fd62e81e2b102c0b50f3460a8d615a4a5825eb8546136cbfc8ee,Dataset-Bacteria/Enterococcus faecium/55.png
Enterococcus.faecium_56,Enterococcus faecium,Enterococcus.faecium,cocci,0,1186,1186,RGBA,1,0,255,286fb7568bb7d2d994388aaa9c1276b7a027141f70eacd61950bef0aa96556a5,Dataset-Bacteria/Enterococcus faecium/56.png
Escherichia.coli_01,Escherichia coli,Escherichia.coli,bacilli,1,1225,1225,RGBA,1,0,255,8e2dfed079534086ff181437ad6bf886f2b0cc3f01b0b4f2a14e878d13b3caa0,Dataset-Bacteria/Escherichia coli/01.png
Escherichia.coli_02,Escherichia coli,Escherichia.coli,bacilli,1,1225,1225,RGBA,1,0,255,2734ab329033e8b2238c85e1afad2dcaf5ee80020d834c0b80dd7e431e53dfa8,Dataset-Bacteria/Escherichia coli/02.png
Escherichia.coli_03,Escherichia coli,Escherichia.coli,bacilli,1,1225,1225,RGBA,1,0,255,47bc87361240adeb9f59412d97a368021afda2bc15df0051498c57f4f81edd33,Dataset-Bacteria/Escherichia coli/03.png
Escherichia.coli_04,Escherichia coli,Escherichia.coli,bacilli,1,1225,1225,RGBA,1,0,255,ddc6cadbdb0e37b4c1e583b50b5f5510be2301073c16f9c747cf091f5dc13e44,Dataset-Bacteria/Escherichia coli/04.png
Escherichia.coli_05,Escherichia coli,Escherichia.coli,bacilli,1,1225,1225,RGBA,1,0,255,1e9e9838944f92af94e02ccf8e463140b8a7666e502b92d60c0740e7179b9422,Dataset-Bacteria/Escherichia coli/05.png
Escherichia.coli_06,Escherichia coli,Escherichia.coli,bacilli,1,1225,1225,RGBA,1,0,255,347fa4a066052bc400af589032064c11bfa53f226b6083ee178bb8ace07b241d,Dataset-Bacteria/Escherichia coli/06.png
Escherichia.coli_07,Escherichia coli,Escherichia.coli,bacilli,1,1225,1225,RGBA,1,0,255,0b84c64f19bef260f6b27ad9e5d6bd4cb00c884ba80bd5a14c10a0f2d6048a5e,Dataset-Bacteria/Escherichia coli/07.png
Escherichia.coli_08,Escherichia coli,Escherichia.coli,bacilli,1,1225,1225,RGBA,1,0,255,eaa2f54749d1b2e02eb6e9d8ec2eeba63f104b7547e174bd1326d5acc4e22c03,Dataset-Bacteria/Escherichia coli/08.png
Escherichia.coli_09,Escherichia coli,Escherichia.coli,bacilli,1,1225,1225,RGBA,1,0,255,8ee0943ba875c53c103a83a4953980f900c693c74decb3ce36c06ed6471ec4c9,Dataset-Bacteria/Escherichia coli/09.png
Escherichia.coli_10,Escherichia coli,Escherichia.coli,bacilli,1,1225,1225,RGBA,1,0,255,5d6c6a20703b3f12eaa0cee08808592ed4ccbaa39310575fe1ed8338890f3e34,Dataset-Bacteria/Escherichia coli/10.png
Escherichia.coli_11,Escherichia coli,Escherichia.coli,bacilli,1,1225,1225,RGBA,1,0,255,530fbf8f8a9f46dd6df48e345e51e618b334cf271a601a03209ffef7f4c973cc,Dataset-Bacteria/Escherichia coli/11.png
Escherichia.coli_12,Escherichia coli,Escherichia.coli,bacilli,1,1225,1225,RGBA,1,0,255,8a47bfd591ed60e9b61de81242367312919471d561e7bf682e726d70410d6239,Dataset-Bacteria/Escherichia coli/12.png
Escherichia.coli_13,Escherichia coli,Escherichia.coli,bacilli,1,1142,1142,RGBA,1,0,255,be2c79f1da045ea91adc67618f18f0519ce09c846d849907eae6cf5d8c63f345,Dataset-Bacteria/Escherichia coli/13.png
Escherichia.coli_14,Escherichia coli,Escherichia.coli,bacilli,1,1225,1225,RGBA,1,0,255,f4c13870aaf2955dc9e2917a30c05c09791364bec6cffa6063cec80df4680c30,Dataset-Bacteria/Escherichia coli/14.png
Escherichia.coli_15,Escherichia coli,Escherichia.coli,bacilli,1,1225,1225,RGBA,1,0,255,22d99d6b810b0665258cf944966e55adf8a04cf770c60e3164e6d2678a2c8e4a,Dataset-Bacteria/Escherichia coli/15.png
Escherichia.coli_16,Escherichia coli,Escherichia.coli,bacilli,1,1225,1225,RGBA,1,0,255,fc2c2abb93215c5e14659753d7eaa00840ab67ca50a502fda09c9219e93ea5a6,Dataset-Bacteria/Escherichia coli/16.png
Escherichia.coli_17,Escherichia coli,Escherichia.coli,bacilli,1,1225,1225,RGBA,1,0,255,156f86fb296741ea917eda9e63a4b6ff5f899199147b15c8222c52f543361ef5,Dataset-Bacteria/Escherichia coli/17.png
Escherichia.coli_18,Escherichia coli,Escherichia.coli,bacilli,1,1225,1225,RGBA,1,0,255,493f20d551e228920d61da2e6eed6827d27c96290087a4e27476da9e4fd30977,Dataset-Bacteria/Escherichia coli/18.png
Escherichia.coli_19,Escherichia coli,Escherichia.coli,bacilli,1,1225,1225,RGBA,1,0,255,c14bed5564cffe6a4da0a39af76bc7e4defd92023c28f0eeedfd87d0911c74a8,Dataset-Bacteria/Escherichia coli/19.png
Escherichia.coli_20,Escherichia coli,Escherichia.coli,bacilli,1,1225,1225,RGBA,1,0,255,f1820a16a5a62d843bbfd8b6c7ae77f471a254a14d98596198bc9bef8fae9259,Dataset-Bacteria/Escherichia coli/20.png
Escherichia.coli_21,Escherichia coli,Escherichia.coli,bacilli,1,1225,1225,RGBA,1,0,255,654ec03fd83f882e5441dfaadb4abab7f757c8fc16288f4a4d76e96138b51d9a,Dataset-Bacteria/Escherichia coli/21.png
Escherichia.coli_22,Escherichia coli,Escherichia.coli,bacilli,1,1225,1225,RGBA,1,0,255,efd289b8433eb25bae11dc5a8feac60d85955d31d5089c1f26d8313fc9df13da,Dataset-Bacteria/Escherichia coli/22.png
Escherichia.coli_23,Escherichia coli,Escherichia.coli,bacilli,1,1225,1225,RGBA,1,0,255,c665ecace6d9bc56a9e0863df2cd24e9f5d51d93c36918edf617eb2886f4ef28,Dataset-Bacteria/Escherichia coli/23.png
Escherichia.coli_24,Escherichia coli,Escherichia.coli,bacilli,1,1025,1025,RGBA,1,0,255,7d2d5cebae03ad9de491fcc4afc655d8ab4f6ad5fcbeb8c8dfc2a23d94a7b138,Dataset-Bacteria/Escherichia coli/24.png
Escherichia.coli_25,Escherichia coli,Escherichia.coli,bacilli,1,1025,1025,RGBA,1,0,255,e0b6cd9aeda80da7b25ffd94b6c57cbe9ab2b8d9e6f4c75c0ab43bb834122d71,Dataset-Bacteria/Escherichia coli/25.png
Escherichia.coli_26,Escherichia coli,Escherichia.coli,bacilli,1,1225,1225,RGBA,1,0,255,252a19692493b5987442e79792072b9d7bae61ad53acc25c55d077444c9655fd,Dataset-Bacteria/Escherichia coli/26.png
Escherichia.coli_27,Escherichia coli,Escherichia.coli,bacilli,1,1225,1225,RGBA,1,0,255,86eb7a7e3198dfb3a890a87662884811ccb4dc7cdf23e66b48b63b762f34a65a,Dataset-Bacteria/Escherichia coli/27.png
Escherichia.coli_28,Escherichia coli,Escherichia.coli,bacilli,1,1225,1225,RGBA,1,0,255,c518ea464b70ed239c9f57a6ec96b8bca11930b4cf40183925a3f2283612e399,Dataset-Bacteria/Escherichia coli/28.png
Escherichia.coli_29,Escherichia coli,Escherichia.coli,bacilli,1,1225,1225,RGBA,1,0,255,27921d1e96c4ec52d78d857cfd991d26e9d55119f74e63e263d944ff52811dc3,Dataset-Bacteria/Escherichia coli/29.png
Escherichia.coli_30,Escherichia coli,Escherichia.coli,bacilli,1,1225,1225,RGBA,1,0,255,fc65cd6eee7f3f7c968cfc0954b0462ed858d45bb3a5382c75acfef66c61d33b,Dataset-Bacteria/Escherichia coli/30.png
Escherichia.coli_31,Escherichia coli,Escherichia.coli,bacilli,1,1225,1225,RGBA,1,0,255,ef812a7b709d60969bfc8baba275353506d2796851eb691238787b88395b7eb0,Dataset-Bacteria/Escherichia coli/31.png
Escherichia.coli_32,Escherichia coli,Escherichia.coli,bacilli,1,1103,1103,RGBA,1,0,255,1006829e9629a7df8f56ed26a56878b99e2bdc26e58187fedcd6ec1e7c78d055,Dataset-Bacteria/Escherichia coli/32.png
Escherichia.coli_33,Escherichia coli,Escherichia.coli,bacilli,1,1103,1103,RGBA,1,0,255,ba9239680826e5049438563e0fa50c44a392deeaee5affb1c5f567cdaf287867,Dataset-Bacteria/Escherichia coli/33.png
Escherichia.coli_34,Escherichia coli,Escherichia.coli,bacilli,1,1081,1081,RGBA,1,0,255,0911dbac3456d87d9061ddbd78e2e37e4db6051e29fb59557ea90e53c02a005f,Dataset-Bacteria/Escherichia coli/34.png
Escherichia.coli_35,Escherichia coli,Escherichia.coli,bacilli,1,1081,1081,RGBA,1,0,255,a59c48788f8d1f6d5f1cc8c626b936a520bfda266277e11004ac93dc96788f35,Dataset-Bacteria/Escherichia coli/35.png
Escherichia.coli_36,Escherichia coli,Escherichia.coli,bacilli,1,1081,1081,RGBA,1,0,255,a96412f42f51adefc413bfae04f8b3988803c9fa797a41d6e39201a5fd90c661,Dataset-Bacteria/Escherichia coli/36.png
Escherichia.coli_37,Escherichia coli,Escherichia.coli,bacilli,1,1129,1129,RGBA,1,0,255,5b88830a448b533ae08f55d77758abf8256458959ea233fa7fe4a35755beecdd,Dataset-Bacteria/Escherichia coli/37.png
Escherichia.coli_38,Escherichia coli,Escherichia.coli,bacilli,1,1129,1129,RGBA,1,0,255,2241865eb84a83d685e5b97ad0daa2e769f86696c014f0eb0f2ec1502295048e,Dataset-Bacteria/Escherichia coli/38.png
Escherichia.coli_39,Escherichia coli,Escherichia.coli,bacilli,1,1129,1129,RGBA,1,0,255,3a93b7a558daaa77e6e795279c37edd29bd964710dc722c556c5525c09aedb64,Dataset-Bacteria/Escherichia coli/39.png
Escherichia.coli_40,Escherichia coli,Escherichia.coli,bacilli,1,942,942,RGBA,1,0,255,2d404b1320074c1b393e32cf499033a55f484d0778b677a43bc5dac605983e6d,Dataset-Bacteria/Escherichia coli/40.png
Escherichia.coli_41,Escherichia coli,Escherichia.coli,bacilli,1,942,942,RGBA,1,0,255,42557aacb0f22bae2ce068dc75cb69e77ce5b2fe7bc05a0df6cd1a8ab212b3f5,Dataset-Bacteria/Escherichia coli/41.png
Escherichia.coli_42,Escherichia coli,Escherichia.coli,bacilli,1,942,942,RGBA,1,0,255,3668b5af159675abfaf397290d6e03324bbc038b7363953bb3f008b28f69c809,Dataset-Bacteria/Escherichia coli/42.png
Escherichia.coli_43,Escherichia coli,Escherichia.coli,bacilli,1,942,942,RGBA,1,0,255,7a8c2d48d74786cf77f774719b4d69d8c45fe2b860610379bfd0c91eaac745aa,Dataset-Bacteria/Escherichia coli/43.png
Escherichia.coli_44,Escherichia coli,Escherichia.coli,bacilli,1,1064,1064,RGBA,1,0,255,63c1f2f465af57ae30cddef1e225b1cb87bffcfe3a9599d8035ed9f6393fb442,Dataset-Bacteria/Escherichia coli/44.png
Escherichia.coli_45,Escherichia coli,Escherichia.coli,bacilli,1,1116,1116,RGBA,1,0,255,73d216d6d1c9bf38d538ae19d41140a7dc93c7e83172c1c5a3f8623b11aa59ef,Dataset-Bacteria/Escherichia coli/45.png
Escherichia.coli_46,Escherichia coli,Escherichia.coli,bacilli,1,1116,1116,RGBA,1,0,255,042e944e3ed70d90d95fbad443d7f5530ba1a1bd2d0e2788b810a564da2350d5,Dataset-Bacteria/Escherichia coli/46.png
Escherichia.coli_47,Escherichia coli,Escherichia.coli,bacilli,1,1038,1038,RGBA,1,0,255,56f9779161fe61acb3935f0b5b7df392cc8f36c7f38895ea21593a4cddfade3c,Dataset-Bacteria/Escherichia coli/47.png
Escherichia.coli_48,Escherichia coli,Escherichia.coli,bacilli,1,1038,1038,RGBA,1,0,255,32d4e1891027bf7cfa1da60a070d1dc32dc2115ddef0dd6f6dcb290dcffe16d4,Dataset-Bacteria/Escherichia coli/48.png
Escherichia.coli_49,Escherichia coli,Escherichia.coli,bacilli,1,1038,1038,RGBA,1,0,255,1a7f93d998ca7e31eeabc71c4334a062b2058b42b7a56d99b5992f5f03c21e3e,Dataset-Bacteria/Escherichia coli/49.png
Escherichia.coli_50,Escherichia coli,Escherichia.coli,bacilli,1,1042,1042,RGBA,1,0,255,c4153a8309a22c8415f426ce629cde4ccc68a713338c70d5ba0908008d08f9b3,Dataset-Bacteria/Escherichia coli/50.png
Escherichia.coli_51,Escherichia coli,Escherichia.coli,bacilli,1,1042,1042,RGBA,1,0,255,3eb530b3eeb924cd584f4abb05613144a04950f6d01b79aa82fe2e6478de21c1,Dataset-Bacteria/Escherichia coli/51.png
Escherichia.coli_52,Escherichia coli,Escherichia.coli,bacilli,1,1042,1042,RGBA,1,0,255,4de5b53052bd8bf86f9fd4a33ad6e93544b86c8e501243ac011892f6f41cb5c3,Dataset-Bacteria/Escherichia coli/52.png
Escherichia.coli_53,Escherichia coli,Escherichia.coli,bacilli,1,1103,1103,RGBA,1,0,255,5f8204d7908e667121865874fb8d8884dd93626e12a4cde0a4c2b0a7f8d19897,Dataset-Bacteria/Escherichia coli/53.png
Escherichia.coli_54,Escherichia coli,Escherichia.coli,bacilli,1,1103,1103,RGBA,1,0,255,7758ad3dffd017d9a668de46828a2271bbb5042bbe2748714d5e838db4de3591,Dataset-Bacteria/Escherichia coli/54.png
Escherichia.coli_55,Escherichia coli,Escherichia.coli,bacilli,1,1103,1103,RGBA,1,0,255,fdfc716d2631e2babdc6b9f3b661f986293d4355d27fde80f1c938d385cc06be,Dataset-Bacteria/Escherichia coli/55.png
Escherichia.coli_56,Escherichia coli,Escherichia.coli,bacilli,1,1107,1107,RGBA,1,0,255,91fa9f12de9cd3906af9d486efb0427ef564cbf3412656d339a2e744ef7ada68,Dataset-Bacteria/Escherichia coli/56.png
Escherichia.coli_57,Escherichia coli,Escherichia.coli,bacilli,1,1107,1107,RGBA,1,0,255,60f368dbf460a73146d42dd980ef41ada43ae5fd01c785884b5e8660130749fd,Dataset-Bacteria/Escherichia coli/57.png
Escherichia.coli_58,Escherichia coli,Escherichia.coli,bacilli,1,1007,1007,RGBA,1,0,255,25325444485bf2427f863465abf36f506811fb704e3d42c36bc9fd56279a3f73,Dataset-Bacteria/Escherichia coli/58.png
Escherichia.coli_59,Escherichia coli,Escherichia.coli,bacilli,1,1103,1103,RGBA,1,0,255,5aa9ff4a14f1ad0d9278c0c2c00611d5a234f4b576984c290789f815fc8100f6,Dataset-Bacteria/Escherichia coli/59.png
Listeria.monocytogenes_01,Listeria monocytogenes,Listeria.monocytogenes,bacilli,1,1073,1073,RGBA,1,0,255,b739ca9427843cc164ec3b07cc4bf933e43fc74d16689f69c8802fd0dc441e3c,Dataset-Bacteria/Listeria monocytogenes/01.png
Listeria.monocytogenes_02,Listeria monocytogenes,Listeria.monocytogenes,bacilli,1,1073,1073,RGBA,1,0,255,72d23808b1f41614b6240f60dd3f3dca2ce26dd9aa34a31fcd4a82cc8d170c1f,Dataset-Bacteria/Listeria monocytogenes/02.png
Listeria.monocytogenes_03,Listeria monocytogenes,Listeria.monocytogenes,bacilli,1,1025,1025,RGBA,1,0,255,d3f7c49dc4f97b596f2716c776ec9fc98cdd386b07b9c31db7b3e993bbb0f940,Dataset-Bacteria/Listeria monocytogenes/03.png
Listeria.monocytogenes_04,Listeria monocytogenes,Listeria.monocytogenes,bacilli,1,1025,1025,RGBA,1,0,255,a1df8e47371fa9208cac822c5396358abef9980cd0d65995eb77ba5f66111705,Dataset-Bacteria/Listeria monocytogenes/04.png
Listeria.monocytogenes_05,Listeria monocytogenes,Listeria.monocytogenes,bacilli,1,1025,1025,RGBA,1,0,255,5e59c5e0742d9738363222b5c8a48a99c8da29d72820b2e61b53cfebdaecc2f6,Dataset-Bacteria/Listeria monocytogenes/05.png
Listeria.monocytogenes_06,Listeria monocytogenes,Listeria.monocytogenes,bacilli,1,1090,1090,RGBA,1,0,255,c8931ca3fe95455e51c7e0a096104e56215b6d62a5be1c11694fd12986b4ba46,Dataset-Bacteria/Listeria monocytogenes/06.png
Listeria.monocytogenes_07,Listeria monocytogenes,Listeria.monocytogenes,bacilli,1,1090,1090,RGBA,1,0,255,1f8365c6a8701838ca6aef42ae9844f510ae65180f1592c3265d9546358b5cd9,Dataset-Bacteria/Listeria monocytogenes/07.png
Listeria.monocytogenes_08,Listeria monocytogenes,Listeria.monocytogenes,bacilli,1,1090,1090,RGBA,1,0,255,6cce43ea33479abb57a63fc705d9fed62fa8b111c57a63066703338820c71436,Dataset-Bacteria/Listeria monocytogenes/08.png
Listeria.monocytogenes_09,Listeria monocytogenes,Listeria.monocytogenes,bacilli,1,1094,1094,RGBA,1,0,255,ffea432e1cab1532d22f9f4083bc9ec052f1767063464b3f0ab66780efee5b13,Dataset-Bacteria/Listeria monocytogenes/09.png
Listeria.monocytogenes_10,Listeria monocytogenes,Listeria.monocytogenes,bacilli,1,1094,1094,RGBA,1,0,255,b9d314dfe371e2d5c4174fa5775d7021e483166ff48a6039b226f0c0eead7cfe,Dataset-Bacteria/Listeria monocytogenes/10.png
Listeria.monocytogenes_11,Listeria monocytogenes,Listeria.monocytogenes,bacilli,1,1094,1094,RGBA,1,0,255,7039f693e700ed021d4ee2894aebe0b5b0c2ba23f94218a6fd4d4aafb9bb03f6,Dataset-Bacteria/Listeria monocytogenes/11.png
Listeria.monocytogenes_12,Listeria monocytogenes,Listeria.monocytogenes,bacilli,1,1068,1068,RGBA,1,0,255,f54cd74ef03ebfa43db753d43056edfba2f7d611ced912d332f7743ae201b60a,Dataset-Bacteria/Listeria monocytogenes/12.png
Listeria.monocytogenes_13,Listeria monocytogenes,Listeria.monocytogenes,bacilli,1,1068,1068,RGBA,1,0,255,e584906522f382bacff332dc6d434f243b40c0c9406d7df201a8af0465568581,Dataset-Bacteria/Listeria monocytogenes/13.png
Listeria.monocytogenes_14,Listeria monocytogenes,Listeria.monocytogenes,bacilli,1,1068,1068,RGBA,1,0,255,57d2a912422dc1d1d3dbc75f06a000d98494f23ce3fd23f3713b946c64a40075,Dataset-Bacteria/Listeria monocytogenes/14.png
Listeria.monocytogenes_15,Listeria monocytogenes,Listeria.monocytogenes,bacilli,1,1055,1055,RGBA,1,0,255,0ce1bb50eb1524c413e372e407429171e503eb5e8262a2768c961c402ed1f34f,Dataset-Bacteria/Listeria monocytogenes/15.png
Listeria.monocytogenes_16,Listeria monocytogenes,Listeria.monocytogenes,bacilli,1,1055,1055,RGBA,1,0,255,f1cb9591f41cd3bca1017b65955c86f7e3f73705679ee7b1f279466ababa2300,Dataset-Bacteria/Listeria monocytogenes/16.png
Listeria.monocytogenes_17,Listeria monocytogenes,Listeria.monocytogenes,bacilli,1,1055,1055,RGBA,1,0,255,856b00dd18a091167e107a11585503e7190bc552a29bb9d2ca87465d3fee37bc,Dataset-Bacteria/Listeria monocytogenes/17.png
Listeria.monocytogenes_18,Listeria monocytogenes,Listeria.monocytogenes,bacilli,1,1077,1077,RGBA,1,0,255,0ac89b1061febdbbd4e551c202f0a305a78fb5653fad946214d68c76b466ce5d,Dataset-Bacteria/Listeria monocytogenes/18.png
Listeria.monocytogenes_19,Listeria monocytogenes,Listeria.monocytogenes,bacilli,1,1077,1077,RGBA,1,0,255,97afa76331c04961d7945903aaf4a9d9b89ee4a4c6e6b6fcce8d4ee89eb7926d,Dataset-Bacteria/Listeria monocytogenes/19.png
Listeria.monocytogenes_20,Listeria monocytogenes,Listeria.monocytogenes,bacilli,1,1077,1077,RGBA,1,0,255,484bebab2f3312e9872dbf7f5ce3cc1c22cff5b14078ce7c5274e21b992529ba,Dataset-Bacteria/Listeria monocytogenes/20.png
Listeria.monocytogenes_21,Listeria monocytogenes,Listeria.monocytogenes,bacilli,1,1016,1016,RGBA,1,0,255,164945971d9c680721e80a6456bda33b8f56f9c587a5b6c9ea123c0fca001dac,Dataset-Bacteria/Listeria monocytogenes/21.png
Listeria.monocytogenes_22,Listeria monocytogenes,Listeria.monocytogenes,bacilli,1,1016,1016,RGBA,1,0,255,beb562804c3a6b9cd9e1770b9b14569db9cf8e07ca5175b1508d5ada0aa656e2,Dataset-Bacteria/Listeria monocytogenes/22.png
Listeria.monocytogenes_23,Listeria monocytogenes,Listeria.monocytogenes,bacilli,1,1068,1068,RGBA,1,0,255,e0b43cecf7c891031aa5c0b6334e367c8283f4d98fc7be7459af48d93b22704d,Dataset-Bacteria/Listeria monocytogenes/23.png
Listeria.monocytogenes_24,Listeria monocytogenes,Listeria.monocytogenes,bacilli,1,1090,1090,RGBA,1,0,255,5a4563ca89d6504a1bcf243a7ff7614fcbc9ec5248c039e2e983aa15a0d6684a,Dataset-Bacteria/Listeria monocytogenes/24.png
Listeria.monocytogenes_25,Listeria monocytogenes,Listeria.monocytogenes,bacilli,1,1090,1090,RGBA,1,0,255,6c94fbd974c97471e48476305e91015be1db38e1ff0f7ffe6ecf5646a0ac1857,Dataset-Bacteria/Listeria monocytogenes/25.png
Listeria.monocytogenes_26,Listeria monocytogenes,Listeria.monocytogenes,bacilli,1,1090,1090,RGBA,1,0,255,2712338ba58b9645020633269798f6fcc3a2a4549a7bd3def90e633b1e9e4f69,Dataset-Bacteria/Listeria monocytogenes/26.png
Listeria.monocytogenes_27,Listeria monocytogenes,Listeria.monocytogenes,bacilli,1,1038,1038,RGBA,1,0,255,aaa7a215c2ebac4fce66ec4cbe936025942d10a7413cfb0388deccfb220b1a97,Dataset-Bacteria/Listeria monocytogenes/27.png
Listeria.monocytogenes_28,Listeria monocytogenes,Listeria.monocytogenes,bacilli,1,1038,1038,RGBA,1,0,255,97a73c6b4d70afe9c82d5d4e8ecc085b7bbf6a852495533b18660f8dd51c92ef,Dataset-Bacteria/Listeria monocytogenes/28.png
Listeria.monocytogenes_29,Listeria monocytogenes,Listeria.monocytogenes,bacilli,1,1038,1038,RGBA,1,0,255,509b2ff42f4c4907d3e8e8f02c34090c938fae27741e48a0745cf85435939e7c,Dataset-Bacteria/Listeria monocytogenes/29.png
Listeria.monocytogenes_30,Listeria monocytogenes,Listeria.monocytogenes,bacilli,1,1073,1073,RGBA,1,0,255,7c048f30bc6ed36f62f7268e096a4355bed7539542fd5dc467f62ca0cf048c79,Dataset-Bacteria/Listeria monocytogenes/30.png
Listeria.monocytogenes_31,Listeria monocytogenes,Listeria.monocytogenes,bacilli,1,1073,1073,RGBA,1,0,255,266d69f9ea8b0afa717c3e0addd6774cb26b5d9c45bc5badb4153660dfc09165,Dataset-Bacteria/Listeria monocytogenes/31.png
Listeria.monocytogenes_32,Listeria monocytogenes,Listeria.monocytogenes,bacilli,1,1073,1073,RGBA,1,0,255,738480f2617084c2792414afd9e489e2528d3712df41f6c6655cecb0723f1a0e,Dataset-Bacteria/Listeria monocytogenes/32.png
Listeria.monocytogenes_33,Listeria monocytogenes,Listeria.monocytogenes,bacilli,1,1016,1016,RGBA,1,0,255,485f06b56109b06b77c9f15409a944ac6b3895897833fe878a1d34841ef80fbc,Dataset-Bacteria/Listeria monocytogenes/33.png
Listeria.monocytogenes_34,Listeria monocytogenes,Listeria.monocytogenes,bacilli,1,1068,1068,RGBA,1,0,255,7fbf4552308a5dd6c9d85a71acb957204261924d52ba08786436476803219b51,Dataset-Bacteria/Listeria monocytogenes/34.png
Listeria.monocytogenes_35,Listeria monocytogenes,Listeria.monocytogenes,bacilli,1,1068,1068,RGBA,1,0,255,d112955b8a4f71029ba35a08fdd8160d1f4e43bd2add1f4faf53ca897935f3b1,Dataset-Bacteria/Listeria monocytogenes/35.png
Listeria.monocytogenes_36,Listeria monocytogenes,Listeria.monocytogenes,bacilli,1,1107,1107,RGBA,1,0,255,06c5c8c2e869bae8df0a8764760a81e77371fdc76125a126799abbc429978787,Dataset-Bacteria/Listeria monocytogenes/36.png
Listeria.monocytogenes_37,Listeria monocytogenes,Listeria.monocytogenes,bacilli,1,1107,1107,RGBA,1,0,255,50fc1a682bdefbb1a02bb50afa02780afe1294ae57cdde53282af2bc35faf495,Dataset-Bacteria/Listeria monocytogenes/37.png
Listeria.monocytogenes_38,Listeria monocytogenes,Listeria.monocytogenes,bacilli,1,1107,1107,RGBA,1,0,255,da74267a37bf70b24ca98bc0aac57865929c5e5263297d8160a88967c393d522,Dataset-Bacteria/Listeria monocytogenes/38.png
Listeria.monocytogenes_39,Listeria monocytogenes,Listeria.monocytogenes,bacilli,1,1051,1051,RGBA,1,0,255,b0145678dd7009140f3f618d44254855247f00c547b075ec9f75e3df5883758d,Dataset-Bacteria/Listeria monocytogenes/39.png
Listeria.monocytogenes_40,Listeria monocytogenes,Listeria.monocytogenes,bacilli,1,1051,1051,RGBA,1,0,255,ff44bf1cf7c4176412f3eccf3213da104068de6c13049187bf9b00527ce9b43d,Dataset-Bacteria/Listeria monocytogenes/40.png
Listeria.monocytogenes_41,Listeria monocytogenes,Listeria.monocytogenes,bacilli,1,1051,1051,RGBA,1,0,255,5c273e2ca6454489084fb18da71a5b1ef111d3d67b9483cafae56da3f0a19db9,Dataset-Bacteria/Listeria monocytogenes/41.png
Listeria.monocytogenes_42,Listeria monocytogenes,Listeria.monocytogenes,bacilli,1,1090,1090,RGBA,1,0,255,45349203107e1fcf3249c5a272caa1cdb388de87b567755c0469c758beccae85,Dataset-Bacteria/Listeria monocytogenes/42.png
Listeria.monocytogenes_43,Listeria monocytogenes,Listeria.monocytogenes,bacilli,1,1090,1090,RGBA,1,0,255,5097239995377fc48e860f4cec25bb35b8eab7eff51f97e58b2e2119e04dc2ed,Dataset-Bacteria/Listeria monocytogenes/43.png
Listeria.monocytogenes_44,Listeria monocytogenes,Listeria.monocytogenes,bacilli,1,1090,1090,RGBA,1,0,255,0cf8a27d58916c7b3d269c96528ae664df15e3cf1c43e9e3f97a81c934f1f22d,Dataset-Bacteria/Listeria monocytogenes/44.png
Listeria.monocytogenes_45,Listeria monocytogenes,Listeria.monocytogenes,bacilli,1,1042,1042,RGBA,1,0,255,bada031dc6cff674d6b35f518aef6f0ecec39364111fe56d5070d92996d7c747,Dataset-Bacteria/Listeria monocytogenes/45.png
Listeria.monocytogenes_46,Listeria monocytogenes,Listeria.monocytogenes,bacilli,1,1042,1042,RGBA,1,0,255,d71dce02364d1c0f11335a951e12699e255bca7b65ae7e6b00b8948a8c5a2ebc,Dataset-Bacteria/Listeria monocytogenes/46.png
Listeria.monocytogenes_47,Listeria monocytogenes,Listeria.monocytogenes,bacilli,1,1103,1103,RGBA,1,0,255,57172c0208b948f7bdc8aa924b4c315abf0f401872acfb447bb3bb9cabbad25d,Dataset-Bacteria/Listeria monocytogenes/47.png
Listeria.monocytogenes_48,Listeria monocytogenes,Listeria.monocytogenes,bacilli,1,1103,1103,RGBA,1,0,255,2908622e611c379ac9792971bac30d0bf4a8753ea74e82e5e5e04467d063cddb,Dataset-Bacteria/Listeria monocytogenes/48.png
Listeria.monocytogenes_49,Listeria monocytogenes,Listeria.monocytogenes,bacilli,1,1103,1103,RGBA,1,0,255,1df8fb39ed3b9bca919d2d0684009f2d6b404d10685e8e4ef89ffdf9e93ff09b,Dataset-Bacteria/Listeria monocytogenes/49.png
Listeria.monocytogenes_50,Listeria monocytogenes,Listeria.monocytogenes,bacilli,1,989,989,RGBA,1,0,255,3af9b6da9d0449eaa758096d61eec9385a236150ed4d460ca64edd1b242f3d06,Dataset-Bacteria/Listeria monocytogenes/50.png
Listeria.monocytogenes_51,Listeria monocytogenes,Listeria.monocytogenes,bacilli,1,832,832,RGBA,1,0,255,43e90bc2d2c8258b88639d0ea16cc05cd96e31e5cd1b6d99f14a474abb3606d9,Dataset-Bacteria/Listeria monocytogenes/51.png
Listeria.monocytogenes_52,Listeria monocytogenes,Listeria.monocytogenes,bacilli,1,832,832,RGBA,1,0,255,cf2fd81cbce930f44214b6c1371a4a14191f537b9c4bd37ddbd3c2b54810de40,Dataset-Bacteria/Listeria monocytogenes/52.png
Listeria.monocytogenes_53,Listeria monocytogenes,Listeria.monocytogenes,bacilli,1,1121,1121,RGBA,1,0,255,eab7270b050098839c1e26959fd81fd86a1e0e33103714dcd077f0ce137126d6,Dataset-Bacteria/Listeria monocytogenes/53.png
Listeria.monocytogenes_54,Listeria monocytogenes,Listeria.monocytogenes,bacilli,1,1121,1121,RGBA,1,0,255,d585b3662dfa860984cb79a67191cce74c2c37412e62a53578e80cc899b0fe8c,Dataset-Bacteria/Listeria monocytogenes/54.png
Listeria.monocytogenes_55,Listeria monocytogenes,Listeria.monocytogenes,bacilli,1,1121,1121,RGBA,1,0,255,189cb1d488f51184f9d2833a367b8a022fd21c05537df81ebaaacc9367cce258,Dataset-Bacteria/Listeria monocytogenes/55.png
Listeria.monocytogenes_56,Listeria monocytogenes,Listeria.monocytogenes,bacilli,1,1042,1042,RGBA,1,0,255,4f6357eb3a37ef8e809c505ce2676f1b168eeafc208eef4dc358fca223a85052,Dataset-Bacteria/Listeria monocytogenes/56.png
Listeria.monocytogenes_57,Listeria monocytogenes,Listeria.monocytogenes,bacilli,1,1112,1112,RGBA,1,0,255,82fa9744d8cade5371889205be20321b67c8300469e92505917c75049a988bdf,Dataset-Bacteria/Listeria monocytogenes/57.png
Listeria.monocytogenes_58,Listeria monocytogenes,Listeria.monocytogenes,bacilli,1,1112,1112,RGBA,1,0,255,64f5ad8ec075172c6ade6b559219292c64f0f6917b2daf09ad586dd5edd225ac,Dataset-Bacteria/Listeria monocytogenes/58.png
Listeria.monocytogenes_59,Listeria monocytogenes,Listeria.monocytogenes,bacilli,1,1112,1112,RGBA,1,0,255,e7c8330d82d737f5fa83334b214af0a715fd13dfa7cfd0a3e436a3e3ffe08f17,Dataset-Bacteria/Listeria monocytogenes/59.png
Listeria.monocytogenes_60,Listeria monocytogenes,Listeria.monocytogenes,bacilli,1,1025,1025,RGBA,1,0,255,f77b94be5787a6bbf358951777945374f4401864e5dbb1fa336dccb87a36e013,Dataset-Bacteria/Listeria monocytogenes/60.png
Listeria.monocytogenes_61,Listeria monocytogenes,Listeria.monocytogenes,bacilli,1,1025,1025,RGBA,1,0,255,94e9b090012a6f60048172d5fe92481d08674dc5550446ac4594566f8d4c0926,Dataset-Bacteria/Listeria monocytogenes/61.png
Listeria.monocytogenes_62,Listeria monocytogenes,Listeria.monocytogenes,bacilli,1,1025,1025,RGBA,1,0,255,c5d5f8e59a4ef64095ef7f13fc4fdfcefbd936ffbcf139dc92b2b733b58c8286,Dataset-Bacteria/Listeria monocytogenes/62.png
Listeria.monocytogenes_63,Listeria monocytogenes,Listeria.monocytogenes,bacilli,1,1073,1073,RGBA,1,0,255,3deebb6bfc4d36361b9ff45db5525684f90ac031b348943ec88b250c1e7f4e22,Dataset-Bacteria/Listeria monocytogenes/63.png
Pseudomonas.aeruginosa_01,Pseudomonas aeruginosa,Pseudomonas.aeruginosa,bacilli,1,864,864,RGBA,1,0,255,cba8f6c811ea065845890b97646f307c0b080044f6a26a000a717cec0064faa9,Dataset-Bacteria/Pseudomonas aeruginosa/01.png
Pseudomonas.aeruginosa_02,Pseudomonas aeruginosa,Pseudomonas.aeruginosa,bacilli,1,864,864,RGBA,1,0,255,40eb9d1005f3e64c5def3dd540b722b9df1e828b1dc8ea5045ec0d064d755696,Dataset-Bacteria/Pseudomonas aeruginosa/02.png
Pseudomonas.aeruginosa_03,Pseudomonas aeruginosa,Pseudomonas.aeruginosa,bacilli,1,1225,1225,RGBA,1,0,255,6ec1c8b55540f1c5ae0879ec903555482f7e6298dde914c29ac954731cd24587,Dataset-Bacteria/Pseudomonas aeruginosa/03.png
Pseudomonas.aeruginosa_04,Pseudomonas aeruginosa,Pseudomonas.aeruginosa,bacilli,1,1225,1225,RGBA,1,0,255,1b17d6dc22ab3fecfc66e4c6b34a56609940b384957dfd8fd6df59a7f890b625,Dataset-Bacteria/Pseudomonas aeruginosa/04.png
Pseudomonas.aeruginosa_05,Pseudomonas aeruginosa,Pseudomonas.aeruginosa,bacilli,1,1225,1225,RGBA,1,0,255,5414d15cda8afc0ba03ea1ceb8a52316d6ce99ed1611140a1f36080e6346132d,Dataset-Bacteria/Pseudomonas aeruginosa/05.png
Pseudomonas.aeruginosa_06,Pseudomonas aeruginosa,Pseudomonas.aeruginosa,bacilli,1,1051,1051,RGBA,1,0,255,7f5e210a614f3b35b32746c642874843dbb033229f05e86d6569303b00cfe9fa,Dataset-Bacteria/Pseudomonas aeruginosa/06.png
Pseudomonas.aeruginosa_07,Pseudomonas aeruginosa,Pseudomonas.aeruginosa,bacilli,1,1051,1051,RGBA,1,0,255,4e8ff9028515079756100080cb15c7283661e9e354237754af87c03135bd8bd6,Dataset-Bacteria/Pseudomonas aeruginosa/07.png
Pseudomonas.aeruginosa_08,Pseudomonas aeruginosa,Pseudomonas.aeruginosa,bacilli,1,1051,1051,RGBA,1,0,255,273413ad35d16eca209029e25a50b8a70c8da7dd2b3d0aabc9303112eb93d9c8,Dataset-Bacteria/Pseudomonas aeruginosa/08.png
Pseudomonas.aeruginosa_09,Pseudomonas aeruginosa,Pseudomonas.aeruginosa,bacilli,1,1051,1051,RGBA,1,0,255,dd09575dddf4f9f24aa3f19df24fac2a4048def8b9e6c1005f320bd4e35db6ad,Dataset-Bacteria/Pseudomonas aeruginosa/09.png
Pseudomonas.aeruginosa_10,Pseudomonas aeruginosa,Pseudomonas.aeruginosa,bacilli,1,981,981,RGBA,1,0,255,cd40f24acbdaa1673686083aa72d498674be12fb9b7bd5e6dc67d07930b22a6a,Dataset-Bacteria/Pseudomonas aeruginosa/10.png
Pseudomonas.aeruginosa_11,Pseudomonas aeruginosa,Pseudomonas.aeruginosa,bacilli,1,981,981,RGBA,1,0,255,d0c7e32d4a6a1b139fc0ea0980dba2272ba1bbdf26bb6f805314f99e9800f602,Dataset-Bacteria/Pseudomonas aeruginosa/11.png
Pseudomonas.aeruginosa_12,Pseudomonas aeruginosa,Pseudomonas.aeruginosa,bacilli,1,1225,1225,RGBA,1,0,255,d04db1a0c2e263904efe00b4770d14fa04971c779dd0f97aa5efeb920b6f8750,Dataset-Bacteria/Pseudomonas aeruginosa/12.png
Pseudomonas.aeruginosa_13,Pseudomonas aeruginosa,Pseudomonas.aeruginosa,bacilli,1,1064,1064,RGBA,1,0,255,550dd38f2d25ad4b7b9eff636c966ed2abff091eeec1079c70c28e0ebfe43dc8,Dataset-Bacteria/Pseudomonas aeruginosa/13.png
Pseudomonas.aeruginosa_14,Pseudomonas aeruginosa,Pseudomonas.aeruginosa,bacilli,1,1064,1064,RGBA,1,0,255,8e36d5af2814120e5bc1d9747f37cc1534a92f3d677d92c74db6859463178d51,Dataset-Bacteria/Pseudomonas aeruginosa/14.png
Pseudomonas.aeruginosa_15,Pseudomonas aeruginosa,Pseudomonas.aeruginosa,bacilli,1,1064,1064,RGBA,1,0,255,76b046beb483fd73cc23cc7bff16eedefe55faef43d09097b9799395c1c82292,Dataset-Bacteria/Pseudomonas aeruginosa/15.png
Pseudomonas.aeruginosa_16,Pseudomonas aeruginosa,Pseudomonas.aeruginosa,bacilli,1,1064,1064,RGBA,1,0,255,7f59f40678ee1396d1dbfd4251e5f23f77a470e9fe7dbfc8555b40205d101544,Dataset-Bacteria/Pseudomonas aeruginosa/16.png
Pseudomonas.aeruginosa_17,Pseudomonas aeruginosa,Pseudomonas.aeruginosa,bacilli,1,972,972,RGBA,1,0,255,150bfe9d11739f4472a37f42a5517cd3a5466c04401c88a78bd193eab54ca53b,Dataset-Bacteria/Pseudomonas aeruginosa/17.png
Pseudomonas.aeruginosa_18,Pseudomonas aeruginosa,Pseudomonas.aeruginosa,bacilli,1,972,972,RGBA,1,0,255,8a5186a59aacdf944add9cd3fb14a9557a7d8b5816376dc6d44227e9beb7dccc,Dataset-Bacteria/Pseudomonas aeruginosa/18.png
Pseudomonas.aeruginosa_19,Pseudomonas aeruginosa,Pseudomonas.aeruginosa,bacilli,1,972,972,RGBA,1,0,255,8676271898a11b3275e39ce48fa19b0e557dad756bb9305eea102183ce2f459c,Dataset-Bacteria/Pseudomonas aeruginosa/19.png
Pseudomonas.aeruginosa_20,Pseudomonas aeruginosa,Pseudomonas.aeruginosa,bacilli,1,972,972,RGBA,1,0,255,130c0c223296567b3fd7da694a7f1bb4e597bb3d4e756e720efb64a55d22dfda,Dataset-Bacteria/Pseudomonas aeruginosa/20.png
Pseudomonas.aeruginosa_21,Pseudomonas aeruginosa,Pseudomonas.aeruginosa,bacilli,1,981,981,RGBA,1,0,255,e8eaf188f019206bbec81118e53aef655e88b4e770d19b043c54ded6b9fc3043,Dataset-Bacteria/Pseudomonas aeruginosa/21.png
Pseudomonas.aeruginosa_22,Pseudomonas aeruginosa,Pseudomonas.aeruginosa,bacilli,1,981,981,RGBA,1,0,255,ed1dae15302d310be028fc306a7f83f4b43a1b4a8451c9535fdac145bff8e26f,Dataset-Bacteria/Pseudomonas aeruginosa/22.png
Pseudomonas.aeruginosa_23,Pseudomonas aeruginosa,Pseudomonas.aeruginosa,bacilli,1,1225,1225,RGBA,1,0,255,f2a24ffe8f205e1108d8a563e1893e808439bf9424bf121868f12248c74b6dcc,Dataset-Bacteria/Pseudomonas aeruginosa/23.png
Pseudomonas.aeruginosa_24,Pseudomonas aeruginosa,Pseudomonas.aeruginosa,bacilli,1,1225,1225,RGBA,1,0,255,7b44ca89e00c73c9e164446fc3eabee903411bd800eb4313cc12b04257e4c252,Dataset-Bacteria/Pseudomonas aeruginosa/24.png
Pseudomonas.aeruginosa_25,Pseudomonas aeruginosa,Pseudomonas.aeruginosa,bacilli,1,1225,1225,RGBA,1,0,255,999312d41f2cf1a257f49c7f053f02f9899d8cf376abeb974c5ad9e6ed0bb075,Dataset-Bacteria/Pseudomonas aeruginosa/25.png
Pseudomonas.aeruginosa_26,Pseudomonas aeruginosa,Pseudomonas.aeruginosa,bacilli,1,1225,1225,RGBA,1,0,255,375e90626996ac30d2ef3996e0858afc7ff57eb2a8fe932c8ca1712ea0a15cc0,Dataset-Bacteria/Pseudomonas aeruginosa/26.png
Pseudomonas.aeruginosa_27,Pseudomonas aeruginosa,Pseudomonas.aeruginosa,bacilli,1,1225,1225,RGBA,1,0,255,2c1f771256d6257151b40ab75f855a5fd9541e83c3e03d2a80543a7af66b7555,Dataset-Bacteria/Pseudomonas aeruginosa/27.png
Pseudomonas.aeruginosa_28,Pseudomonas aeruginosa,Pseudomonas.aeruginosa,bacilli,1,1225,1225,RGBA,1,0,255,d4ac3ec43c2068838e6ba91608de4f6a58628bfd311f95f653ec8fbb76f65c68,Dataset-Bacteria/Pseudomonas aeruginosa/28.png
Pseudomonas.aeruginosa_29,Pseudomonas aeruginosa,Pseudomonas.aeruginosa,bacilli,1,1225,1225,RGBA,1,0,255,69cae0a4b3ffe68f67aa2116a51dca3ec781fe20cc8e5bc7b695b383be98ff46,Dataset-Bacteria/Pseudomonas aeruginosa/29.png
Pseudomonas.aeruginosa_30,Pseudomonas aeruginosa,Pseudomonas.aeruginosa,bacilli,1,864,864,RGBA,1,0,255,3e3b776b00e47c0486ace032d0b2f3dc86fb05b24ce189f22ea9486bbe0460f3,Dataset-Bacteria/Pseudomonas aeruginosa/30.png
Pseudomonas.aeruginosa_31,Pseudomonas aeruginosa,Pseudomonas.aeruginosa,bacilli,1,1116,1116,RGBA,1,0,255,ca58382bc9c87ebf321aae1de6ce8864f82dcd84d5979d1c7c0aab7a1e41ee59,Dataset-Bacteria/Pseudomonas aeruginosa/31.png
Pseudomonas.aeruginosa_32,Pseudomonas aeruginosa,Pseudomonas.aeruginosa,bacilli,1,1116,1116,RGBA,1,0,255,059fe034edb3245a1b3616b1ca1e9c7feb07f86731c253b85134668625069aa6,Dataset-Bacteria/Pseudomonas aeruginosa/32.png
Pseudomonas.aeruginosa_33,Pseudomonas aeruginosa,Pseudomonas.aeruginosa,bacilli,1,1068,1068,RGBA,1,0,255,32460c163760409848339cba5bc7255a40157a0020119fa2b9df9b5850092e43,Dataset-Bacteria/Pseudomonas aeruginosa/33.png
Pseudomonas.aeruginosa_34,Pseudomonas aeruginosa,Pseudomonas.aeruginosa,bacilli,1,1068,1068,RGBA,1,0,255,552ab9b25c9dddd95f2fb029570f0e2b57b165ff70de45f723a3927862dd88c0,Dataset-Bacteria/Pseudomonas aeruginosa/34.png
Pseudomonas.aeruginosa_35,Pseudomonas aeruginosa,Pseudomonas.aeruginosa,bacilli,1,1068,1068,RGBA,1,0,255,f7eeedc22e852575b50f4fc76e4a5cf2a297ccbb81268caba0e63354ecbd9b33,Dataset-Bacteria/Pseudomonas aeruginosa/35.png
Pseudomonas.aeruginosa_36,Pseudomonas aeruginosa,Pseudomonas.aeruginosa,bacilli,1,1025,1025,RGBA,1,0,255,c0f74d8d2143377dac7baeace20efb88978bf9ca4bc3868503989420728638e3,Dataset-Bacteria/Pseudomonas aeruginosa/36.png
Pseudomonas.aeruginosa_37,Pseudomonas aeruginosa,Pseudomonas.aeruginosa,bacilli,1,1025,1025,RGBA,1,0,255,ab107d19670a3ef58d6744b16794992a85a0e0e05d33f9fa407f598ae97b38d8,Dataset-Bacteria/Pseudomonas aeruginosa/37.png
Pseudomonas.aeruginosa_38,Pseudomonas aeruginosa,Pseudomonas.aeruginosa,bacilli,1,1025,1025,RGBA,1,0,255,8b4321187f3cd4e00978b82a33423a698c129459802b92429a891ca682d00b6e,Dataset-Bacteria/Pseudomonas aeruginosa/38.png
Pseudomonas.aeruginosa_39,Pseudomonas aeruginosa,Pseudomonas.aeruginosa,bacilli,1,1064,1064,RGBA,1,0,255,9d0d57c5a2f113a6dffda3d8067077a53fbef65006132fe6a2d1080541ab1347,Dataset-Bacteria/Pseudomonas aeruginosa/39.png
Pseudomonas.aeruginosa_40,Pseudomonas aeruginosa,Pseudomonas.aeruginosa,bacilli,1,1064,1064,RGBA,1,0,255,d878a1822e663ea83d7327ead2cf0d7a0aa6a1f7ae254971be7faa97775143a3,Dataset-Bacteria/Pseudomonas aeruginosa/40.png
Pseudomonas.aeruginosa_41,Pseudomonas aeruginosa,Pseudomonas.aeruginosa,bacilli,1,1090,1090,RGBA,1,0,255,e0713e2933072772d323fe03d19b20420272539cd622b311e689435cb9941075,Dataset-Bacteria/Pseudomonas aeruginosa/41.png
Pseudomonas.aeruginosa_42,Pseudomonas aeruginosa,Pseudomonas.aeruginosa,bacilli,1,1090,1090,RGBA,1,0,255,865981ccf7f256f8f886e558987e15af1918a90dbd6879d581cc530b2fc6ee44,Dataset-Bacteria/Pseudomonas aeruginosa/42.png
Pseudomonas.aeruginosa_43,Pseudomonas aeruginosa,Pseudomonas.aeruginosa,bacilli,1,1090,1090,RGBA,1,0,255,10410a88b4a614b413e1023b7807847b9d09700fbc2afc87eeebd804a15d664c,Dataset-Bacteria/Pseudomonas aeruginosa/43.png
Pseudomonas.aeruginosa_44,Pseudomonas aeruginosa,Pseudomonas.aeruginosa,bacilli,1,1099,1099,RGBA,1,0,255,4c6e5054c0144bf1aff7c007c5f28ba3c3d2cc3980e00baa400ff05c86cd6018,Dataset-Bacteria/Pseudomonas aeruginosa/44.png
Pseudomonas.aeruginosa_45,Pseudomonas aeruginosa,Pseudomonas.aeruginosa,bacilli,1,1099,1099,RGBA,1,0,255,1bc74dc2f820454defea6bf172a2b38b8f09b6128823e588a9553bb36db7042e,Dataset-Bacteria/Pseudomonas aeruginosa/45.png
Pseudomonas.aeruginosa_46,Pseudomonas aeruginosa,Pseudomonas.aeruginosa,bacilli,1,1099,1099,RGBA,1,0,255,5e983b27175ac888a8845c98690d309a39e3da50922352c789280bea9a40aad1,Dataset-Bacteria/Pseudomonas aeruginosa/46.png
Pseudomonas.aeruginosa_47,Pseudomonas aeruginosa,Pseudomonas.aeruginosa,bacilli,1,1064,1064,RGBA,1,0,255,6d0187194d2edd489446abb042abc0abdd32652a2ccd6dda624003e25ca45ade,Dataset-Bacteria/Pseudomonas aeruginosa/47.png
Pseudomonas.aeruginosa_48,Pseudomonas aeruginosa,Pseudomonas.aeruginosa,bacilli,1,1094,1094,RGBA,1,0,255,1e0447b81346bf11f40fb134626ed90dda9e05559e05021680d740cd2fafb123,Dataset-Bacteria/Pseudomonas aeruginosa/48.png
Pseudomonas.aeruginosa_49,Pseudomonas aeruginosa,Pseudomonas.aeruginosa,bacilli,1,1094,1094,RGBA,1,0,255,cc780a7c891058c07f58439dbfe648f3a0a6f8ecd14eb0f5b759f495fb4e85ff,Dataset-Bacteria/Pseudomonas aeruginosa/49.png
Pseudomonas.aeruginosa_50,Pseudomonas aeruginosa,Pseudomonas.aeruginosa,bacilli,1,1094,1094,RGBA,1,0,255,011ad8b92fd5c8f6c8d0bb661ce8018e84323a58fd46435f126ab74a862057a3,Dataset-Bacteria/Pseudomonas aeruginosa/50.png
Pseudomonas.aeruginosa_51,Pseudomonas aeruginosa,Pseudomonas.aeruginosa,bacilli,1,1060,1060,RGBA,1,0,255,9f426d177766e058694731b6025840d8c975f7681356178ed221519521088890,Dataset-Bacteria/Pseudomonas aeruginosa/51.png
Pseudomonas.aeruginosa_52,Pseudomonas aeruginosa,Pseudomonas.aeruginosa,bacilli,1,1060,1060,RGBA,1,0,255,49ae53d72892614b0ff0f3a5cc728734602ddf2245ae70139511e17fc921f127,Dataset-Bacteria/Pseudomonas aeruginosa/52.png
Pseudomonas.aeruginosa_53,Pseudomonas aeruginosa,Pseudomonas.aeruginosa,bacilli,1,1060,1060,RGBA,1,0,255,cda727b8a25840e220ae6548b515a980d91ec9390a7aee5816510f19875d0807,Dataset-Bacteria/Pseudomonas aeruginosa/53.png
Pseudomonas.aeruginosa_54,Pseudomonas aeruginosa,Pseudomonas.aeruginosa,bacilli,1,962,962,RGBA,1,0,255,ebc8bc2636034da6f95891d83d27c32838b4469801fb42eb575df84893a1a92e,Dataset-Bacteria/Pseudomonas aeruginosa/54.png
Pseudomonas.aeruginosa_55,Pseudomonas aeruginosa,Pseudomonas.aeruginosa,bacilli,1,1064,1064,RGBA,1,0,255,fcc01d9422abc3ad627d79bf56df7b5de940b11b93d0fd80fab9492aedfb2806,Dataset-Bacteria/Pseudomonas aeruginosa/55.png
Pseudomonas.aeruginosa_56,Pseudomonas aeruginosa,Pseudomonas.aeruginosa,bacilli,1,1064,1064,RGBA,1,0,255,1cfc7ac2392cdaa18315d9d625f41f9358816c685bb779811c970e2be5302e36,Dataset-Bacteria/Pseudomonas aeruginosa/56.png
Pseudomonas.aeruginosa_57,Pseudomonas aeruginosa,Pseudomonas.aeruginosa,bacilli,1,1064,1064,RGBA,1,0,255,cc0185849c99edbc735f55f17e42426cbe96abfc16dca88f61b4f677a778e3f6,Dataset-Bacteria/Pseudomonas aeruginosa/57.png
Pseudomonas.aeruginosa_58,Pseudomonas aeruginosa,Pseudomonas.aeruginosa,bacilli,1,1073,1073,RGBA,1,0,255,88e2f1a99f2fc2d5a554acb92425df18acbee3f569a54b22741c9a4ab29c657b,Dataset-Bacteria/Pseudomonas aeruginosa/58.png
Pseudomonas.aeruginosa_59,Pseudomonas aeruginosa,Pseudomonas.aeruginosa,bacilli,1,1073,1073,RGBA,1,0,255,ed4b489a0aeb26ed17fe7f1d1c6f70dd2abbf8f48234562429c4f50b2dfdfed4,Dataset-Bacteria/Pseudomonas aeruginosa/59.png
Pseudomonas.aeruginosa_60,Pseudomonas aeruginosa,Pseudomonas.aeruginosa,bacilli,1,1073,1073,RGBA,1,0,255,eba03027084fa66ef494b95629dbe598737622bf8931ea0c29bb5969f34b04ef,Dataset-Bacteria/Pseudomonas aeruginosa/60.png
Pseudomonas.aeruginosa_61,Pseudomonas aeruginosa,Pseudomonas.aeruginosa,bacilli,1,962,962,RGBA,1,0,255,4e17bcbf97a4cc6c781a4700d39dfe83c7366e762d0ffe542fa73ce6ece037a4,Dataset-Bacteria/Pseudomonas aeruginosa/61.png
Pseudomonas.aeruginosa_62,Pseudomonas aeruginosa,Pseudomonas.aeruginosa,bacilli,1,962,962,RGBA,1,0,255,173ab3dcdb7fd4639c7882b0227afc119cb435766b73273014f51da3723fb241,Dataset-Bacteria/Pseudomonas aeruginosa/62.png
Pseudomonas.aeruginosa_63,Pseudomonas aeruginosa,Pseudomonas.aeruginosa,bacilli,1,1116,1116,RGBA,1,0,255,a174ad86967b921c7a0ee120548863eada5972bac0778d7361d7ca81eba0a2c7,Dataset-Bacteria/Pseudomonas aeruginosa/63.png
Staphylococcus.aureus_01,Staphylococcus aureus,Staphylococcus.aureus,cocci,0,1081,1081,RGBA,1,0,255,08262cae10b38315885add8c3ae2b846ed088c9bee33fec03dcb4975e4a72db5,Dataset-Bacteria/Staphylococcus aureus/01.png
Staphylococcus.aureus_02,Staphylococcus aureus,Staphylococcus.aureus,cocci,0,1081,1081,RGBA,1,0,255,847c0d3797d1192d1f4a4bea587aece0fd22211dd40a3662bd976920b25cb349,Dataset-Bacteria/Staphylococcus aureus/02.png
Staphylococcus.aureus_03,Staphylococcus aureus,Staphylococcus.aureus,cocci,0,1081,1081,RGBA,1,0,255,2a77af5946152284687b56ab4c2c4e8e0235333cd32eedeb0f6c9c1ece92d8e5,Dataset-Bacteria/Staphylococcus aureus/03.png
Staphylococcus.aureus_04,Staphylococcus aureus,Staphylococcus.aureus,cocci,0,1042,1042,RGBA,1,0,255,03262f4bc3b2d9998eb75d8a0f39d7fdd3fb6b4854f6c7dc009dbaf7b7095bf4,Dataset-Bacteria/Staphylococcus aureus/04.png
Staphylococcus.aureus_05,Staphylococcus aureus,Staphylococcus.aureus,cocci,0,1042,1042,RGBA,1,0,255,5b366af0151601fcff08c9def2ffac98d894666288e503fd66d4e54959bf4eeb,Dataset-Bacteria/Staphylococcus aureus/05.png
Staphylococcus.aureus_06,Staphylococcus aureus,Staphylococcus.aureus,cocci,0,1042,1042,RGBA,1,0,255,63cd76eafbf2c382a8414c10c3f8c414df2afeda03c0769ab9a1b8f259eff6c0,Dataset-Bacteria/Staphylococcus aureus/06.png
Staphylococcus.aureus_07,Staphylococcus aureus,Staphylococcus.aureus,cocci,0,1042,1042,RGBA,1,0,255,6a80ef21faca621806d299dfdd8e8128c9e8e9ef2417288396eec4050df6dea0,Dataset-Bacteria/Staphylococcus aureus/07.png
Staphylococcus.aureus_08,Staphylococcus aureus,Staphylococcus.aureus,cocci,0,1225,1225,RGBA,1,0,255,3b3b31bddb1866a010108f7170a7b1aac328d928d1035c7274ae396168594956,Dataset-Bacteria/Staphylococcus aureus/08.png
Staphylococcus.aureus_09,Staphylococcus aureus,Staphylococcus.aureus,cocci,0,1129,1129,RGBA,1,0,255,56a01c76a94d32fb6e8ce69cfc0be3c700ecdc87580b3216f85bc9230f168147,Dataset-Bacteria/Staphylococcus aureus/09.png
Staphylococcus.aureus_10,Staphylococcus aureus,Staphylococcus.aureus,cocci,0,1129,1129,RGBA,1,0,255,5d2e25aabc1635239c689261f67247e4f808449af9b6b6cd365c30e71753b0a4,Dataset-Bacteria/Staphylococcus aureus/10.png
Staphylococcus.aureus_11,Staphylococcus aureus,Staphylococcus.aureus,cocci,0,916,916,RGBA,1,0,255,f2726ae74858eef43d6903c2612015b25a6a454bd5a14c8204176c21ea79f689,Dataset-Bacteria/Staphylococcus aureus/11.png
Staphylococcus.aureus_12,Staphylococcus aureus,Staphylococcus.aureus,cocci,0,1012,1012,RGBA,1,0,255,08b5f8b20a007a9bfa8273ec865e701ef752f4f54588225927307de760823af4,Dataset-Bacteria/Staphylococcus aureus/12.png
Staphylococcus.aureus_13,Staphylococcus aureus,Staphylococcus.aureus,cocci,0,1012,1012,RGBA,1,0,255,c63b0f04d6491302ab04525c7b2d032119fafd4045f654d83c3fae3fd2964f96,Dataset-Bacteria/Staphylococcus aureus/13.png
Staphylococcus.aureus_14,Staphylococcus aureus,Staphylococcus.aureus,cocci,0,1012,1012,RGBA,1,0,255,ab65c72f5ec652aba5ebd49c0ad26f16360589f7b2eb7443df9b8f7f9e0b5252,Dataset-Bacteria/Staphylococcus aureus/14.png
Staphylococcus.aureus_15,Staphylococcus aureus,Staphylococcus.aureus,cocci,0,1073,1073,RGBA,1,0,255,3c059108a49800e84af45c7db4e4d510646220272fc733cf50ea82dd0ff329a9,Dataset-Bacteria/Staphylococcus aureus/15.png
Staphylococcus.aureus_16,Staphylococcus aureus,Staphylococcus.aureus,cocci,0,1073,1073,RGBA,1,0,255,4468a31b1088ce5e1294087a59c60a9927febd65a6422e4728d3cc6f6a42057d,Dataset-Bacteria/Staphylococcus aureus/16.png
Staphylococcus.aureus_17,Staphylococcus aureus,Staphylococcus.aureus,cocci,0,1073,1073,RGBA,1,0,255,44fe80cba81bf0ca9148d292622bc553ed6cf6e92e8847e6c1c275dd5c044c51,Dataset-Bacteria/Staphylococcus aureus/17.png
Staphylococcus.aureus_18,Staphylococcus aureus,Staphylococcus.aureus,cocci,0,1073,1073,RGBA,1,0,255,2469e225a14be6d9def469e3d379fb05d7c78012e3fa529c501155d05b271d99,Dataset-Bacteria/Staphylococcus aureus/18.png
Staphylococcus.aureus_19,Staphylococcus aureus,Staphylococcus.aureus,cocci,0,916,916,RGBA,1,0,255,9228c06e8080329444b475c718bea09082c0588de2d1d266064a1e9fd26f7c56,Dataset-Bacteria/Staphylococcus aureus/19.png
Staphylococcus.aureus_20,Staphylococcus aureus,Staphylococcus.aureus,cocci,0,916,916,RGBA,1,0,255,8d7ae2fb60cbf7d95114e7013b19eb96d345c2fc3c4a1f6b741b8356df9da267,Dataset-Bacteria/Staphylococcus aureus/20.png
Staphylococcus.aureus_21,Staphylococcus aureus,Staphylococcus.aureus,cocci,0,916,916,RGBA,1,0,255,227d83c1e15f02264ca0d41eb6e7dfca441e6eb503772d9f40972786b63ddf1c,Dataset-Bacteria/Staphylococcus aureus/21.png
Staphylococcus.aureus_22,Staphylococcus aureus,Staphylococcus.aureus,cocci,0,916,916,RGBA,1,0,255,a5c65099470389658a8aa0416e9a4b24ec66342422689af8922bb334be4f0668,Dataset-Bacteria/Staphylococcus aureus/22.png
Staphylococcus.aureus_23,Staphylococcus aureus,Staphylococcus.aureus,cocci,0,1012,1012,RGBA,1,0,255,8294a6017cc887b79404dd14b6a1290edaf23c4075d4a365499479e8f27bd330,Dataset-Bacteria/Staphylococcus aureus/23.png
Staphylococcus.aureus_24,Staphylococcus aureus,Staphylococcus.aureus,cocci,0,1081,1081,RGBA,1,0,255,0c4fc4ab1169b261f873105522e94ecd13d62008eba427f9b54a83ffd1ff44e1,Dataset-Bacteria/Staphylococcus aureus/24.png
Staphylococcus.aureus_25,Staphylococcus aureus,Staphylococcus.aureus,cocci,0,1081,1081,RGBA,1,0,255,c065d1c4114979dd811af48df1cae49a65aac60756fdc828abd499c0ecea5ed8,Dataset-Bacteria/Staphylococcus aureus/25.png
Staphylococcus.aureus_26,Staphylococcus aureus,Staphylococcus.aureus,cocci,0,1081,1081,RGBA,1,0,255,914444652abc144ed8e51bf28d3d6c2d3c3e28895794baef26b7c9a78f38de62,Dataset-Bacteria/Staphylococcus aureus/26.png
Staphylococcus.aureus_27,Staphylococcus aureus,Staphylococcus.aureus,cocci,0,1081,1081,RGBA,1,0,255,e2a7986e93dde92a7483c6f4d79ecacf264b5b2c8589558db8e3133458b44a15,Dataset-Bacteria/Staphylococcus aureus/27.png
Staphylococcus.aureus_28,Staphylococcus aureus,Staphylococcus.aureus,cocci,0,951,951,RGBA,1,0,255,4c21a309e311f713f67ea9e2cd0abb24da11f2ad8c0e5d8fbedc03790d6c40e9,Dataset-Bacteria/Staphylococcus aureus/28.png
Staphylococcus.aureus_29,Staphylococcus aureus,Staphylococcus.aureus,cocci,0,951,951,RGBA,1,0,255,ab845a009642ab07904d3ac57ef3849a00701f093f426f24066ea879b599a4aa,Dataset-Bacteria/Staphylococcus aureus/29.png
Staphylococcus.aureus_30,Staphylococcus aureus,Staphylococcus.aureus,cocci,0,951,951,RGBA,1,0,255,9050c16b6bdba4d90e80d28238a67f7da7d757bc852b753c7002b2fc9a887685,Dataset-Bacteria/Staphylococcus aureus/30.png
Staphylococcus.aureus_31,Staphylococcus aureus,Staphylococcus.aureus,cocci,0,1081,1081,RGBA,1,0,255,0fecebc8e4bcda081020ab51acda9242ed23b363a0836a6dd5fcdaea8e119c5c,Dataset-Bacteria/Staphylococcus aureus/31.png
Staphylococcus.aureus_32,Staphylococcus aureus,Staphylococcus.aureus,cocci,0,1168,1168,RGBA,1,0,255,e5c76e113f0de157240ec2ffbdcedf95f50847171b9c44aa9ce45f91e8316a72,Dataset-Bacteria/Staphylococcus aureus/32.png
Staphylococcus.aureus_33,Staphylococcus aureus,Staphylococcus.aureus,cocci,0,1068,1068,RGBA,1,0,255,1f7fea6934daf17d77e74b13629198009ed26ddb4658b8055bb816b9b4c6fe17,Dataset-Bacteria/Staphylococcus aureus/33.png
Staphylococcus.aureus_34,Staphylococcus aureus,Staphylococcus.aureus,cocci,0,1142,1142,RGBA,1,0,255,f6fe8e8e2cd393879c8dddaa2f0dcd70fdc056447d23fa54c80eec9eff4a4772,Dataset-Bacteria/Staphylococcus aureus/34.png
Staphylococcus.aureus_35,Staphylococcus aureus,Staphylococcus.aureus,cocci,0,1142,1142,RGBA,1,0,255,b0b1de43220e268a69bcf1f9df8ae26c6513248858f747f9cbaea446ff790d4a,Dataset-Bacteria/Staphylococcus aureus/35.png
Staphylococcus.aureus_36,Staphylococcus aureus,Staphylococcus.aureus,cocci,0,1142,1142,RGBA,1,0,255,e64eaf16f23441e620b09193ee31f00091cb044a728a7e347bc5339c1c14c380,Dataset-Bacteria/Staphylococcus aureus/36.png
Staphylococcus.aureus_37,Staphylococcus aureus,Staphylococcus.aureus,cocci,0,1103,1103,RGBA,1,0,255,b91aeb4ff346f3009e82c66a7990cf84f773860125efcda29c82771d7e617f09,Dataset-Bacteria/Staphylococcus aureus/37.png
Staphylococcus.aureus_38,Staphylococcus aureus,Staphylococcus.aureus,cocci,0,1103,1103,RGBA,1,0,255,1916ee29ae783c4c971da58dd58c6f15c0708970f443bcf8ddf99ca823ddf307,Dataset-Bacteria/Staphylococcus aureus/38.png
Staphylococcus.aureus_39,Staphylococcus aureus,Staphylococcus.aureus,cocci,0,1103,1103,RGBA,1,0,255,de9209c3b58525ead2b989d762390f6523419d2223afb8167c10730065cacbed,Dataset-Bacteria/Staphylococcus aureus/39.png
Staphylococcus.aureus_40,Staphylococcus aureus,Staphylococcus.aureus,cocci,0,1086,1086,RGBA,1,0,255,1b45ed4d69120f4887db340b265737e86b1d6ffacecdf25967c58975adbbd50a,Dataset-Bacteria/Staphylococcus aureus/40.png
Staphylococcus.aureus_41,Staphylococcus aureus,Staphylococcus.aureus,cocci,0,1086,1086,RGBA,1,0,255,6cbfd8e7f089f2b0fc427da56abc19a5249f88ab1d3dd89f11603b8ea8ab2214,Dataset-Bacteria/Staphylococcus aureus/41.png
Staphylococcus.aureus_42,Staphylococcus aureus,Staphylococcus.aureus,cocci,0,1112,1112,RGBA,1,0,255,e3763c0252d93decef04e8c9262a774909c8f429b8f1ea5071ac6c1c6ad2bb86,Dataset-Bacteria/Staphylococcus aureus/42.png
Staphylococcus.aureus_43,Staphylococcus aureus,Staphylococcus.aureus,cocci,0,1112,1112,RGBA,1,0,255,9951252697a1a3c5a2ce09bb8f036961354cca2b6fd9779493cd3dcd60f02234,Dataset-Bacteria/Staphylococcus aureus/43.png
Staphylococcus.aureus_44,Staphylococcus aureus,Staphylococcus.aureus,cocci,0,1112,1112,RGBA,1,0,255,02f868ab5ce8a227fa9e56ba62bb30cadffbde1c9fda612581ca065389e33a6b,Dataset-Bacteria/Staphylococcus aureus/44.png
Staphylococcus.aureus_45,Staphylococcus aureus,Staphylococcus.aureus,cocci,0,1090,1090,RGBA,1,0,255,0a02c59f4ef0b078e7b2f21ce579c9a76a919b723007d31bf06a449d5ff3124f,Dataset-Bacteria/Staphylococcus aureus/45.png
Staphylococcus.aureus_46,Staphylococcus aureus,Staphylococcus.aureus,cocci,0,1090,1090,RGBA,1,0,255,bc9c454098d33fefc499e7bef556be3c154c1e8626dd4e4efe5f24618b989a47,Dataset-Bacteria/Staphylococcus aureus/46.png
Staphylococcus.aureus_47,Staphylococcus aureus,Staphylococcus.aureus,cocci,0,1090,1090,RGBA,1,0,255,62aab655c7bbfa82e7e71b4717168a6b74ee5c717b7d127a97ff621e7c705e5a,Dataset-Bacteria/Staphylococcus aureus/47.png
Staphylococcus.aureus_48,Staphylococcus aureus,Staphylococcus.aureus,cocci,0,1086,1086,RGBA,1,0,255,4fcc1df295a320e31fdcf639b82fa65af966174c25faac200e16ea122d176e77,Dataset-Bacteria/Staphylococcus aureus/48.png
Staphylococcus.aureus_49,Staphylococcus aureus,Staphylococcus.aureus,cocci,0,1164,1164,RGBA,1,0,255,45d9939858a0f83f736e2a49bfcf7dea819f832ee6654b0874b0f4ede32bd1ec,Dataset-Bacteria/Staphylococcus aureus/49.png
Staphylococcus.aureus_50,Staphylococcus aureus,Staphylococcus.aureus,cocci,0,1164,1164,RGBA,1,0,255,43ced65f66972ac11445b0846a529547b3586a265453b5052c020117f4ff13b4,Dataset-Bacteria/Staphylococcus aureus/50.png
Staphylococcus.aureus_51,Staphylococcus aureus,Staphylococcus.aureus,cocci,0,1116,1116,RGBA,1,0,255,7e074d631463c9ea15a6ef371374d7c7f22dfea426d8dbfe9cccb7b47d0977d4,Dataset-Bacteria/Staphylococcus aureus/51.png
Staphylococcus.aureus_52,Staphylococcus aureus,Staphylococcus.aureus,cocci,0,1225,1225,RGBA,1,0,255,8dd1dcb1863c31c6d64393d56fbe7b01d38ebb28bc3b10a3f79911bad1bb2e9f,Dataset-Bacteria/Staphylococcus aureus/52.png
Staphylococcus.aureus_53,Staphylococcus aureus,Staphylococcus.aureus,cocci,0,1225,1225,RGBA,1,0,255,5d63c34eda2d6f73134c4e92b100b89548670ba4e27212210f201b45c5fa2f37,Dataset-Bacteria/Staphylococcus aureus/53.png
Staphylococcus.aureus_54,Staphylococcus aureus,Staphylococcus.aureus,cocci,0,1225,1225,RGBA,1,0,255,cc13e38c94e1e3efea208e5ce7f0092765b653a00354b7ee7646397eaf56907a,Dataset-Bacteria/Staphylococcus aureus/54.png
Staphylococcus.aureus_55,Staphylococcus aureus,Staphylococcus.aureus,cocci,0,1225,1225,RGBA,1,0,255,f4b9583a109e07e09a93845e3d905e65036d9619340a3b3dbca7c65dd54c5899,Dataset-Bacteria/Staphylococcus aureus/55.png
Staphylococcus.aureus_56,Staphylococcus aureus,Staphylococcus.aureus,cocci,0,1155,1155,RGBA,1,0,255,68cdac37e2e8ac8f55cbaed97710d987d78caf2728f8c8f59c689ed6f2218fe2,Dataset-Bacteria/Staphylococcus aureus/56.png
Staphylococcus.aureus_57,Staphylococcus aureus,Staphylococcus.aureus,cocci,0,1155,1155,RGBA,1,0,255,f178d45ca0d92bd19520a3bb0fd423bd8a5631b76f483f8e7d186a55cb208260,Dataset-Bacteria/Staphylococcus aureus/57.png
Staphylococcus.aureus_58,Staphylococcus aureus,Staphylococcus.aureus,cocci,0,1155,1155,RGBA,1,0,255,8621e82f1dcee995af7ef54600c776ad08630036ce792139f70e0fa61978969b,Dataset-Bacteria/Staphylococcus aureus/58.png
Staphylococcus.aureus_59,Staphylococcus aureus,Staphylococcus.aureus,cocci,0,1081,1081,RGBA,1,0,255,b454d42dfc48c82f87755600d6baaa93b4d77a91c957c1e291384c6e843c61bc,Dataset-Bacteria/Staphylococcus aureus/59.png
Staphylococcus.aureus_60,Staphylococcus aureus,Staphylococcus.aureus,cocci,0,1081,1081,RGBA,1,0,255,19bb79cb2d465984f21eae18e92c9e4eb9817303a9870cfbcbeb262170109fdd,Dataset-Bacteria/Staphylococcus aureus/60.png
Staphylococcus.aureus_61,Staphylococcus aureus,Staphylococcus.aureus,cocci,0,1081,1081,RGBA,1,0,255,33f5fb2accba0e9c0e1574ceb4dd6f0bb88b256eb98d63a13586971a8113b373,Dataset-Bacteria/Staphylococcus aureus/61.png
Staphylococcus.aureus_62,Staphylococcus aureus,Staphylococcus.aureus,cocci,0,1225,1225,RGBA,1,0,255,b5e9ac78d2cedc1fd473ef32749b69427b5b6752619314efcc505a74aa660ece,Dataset-Bacteria/Staphylococcus aureus/62.png
Staphylococcus.aureus_63,Staphylococcus aureus,Staphylococcus.aureus,cocci,0,1225,1225,RGBA,1,0,255,4cc5670d02a8c78a30a0522e2e05d817df71af637db6adeb02066b7bd351a557,Dataset-Bacteria/Staphylococcus aureus/63.png
Staphylococcus.aureus_64,Staphylococcus aureus,Staphylococcus.aureus,cocci,0,1168,1168,RGBA,1,0,255,ffcb2a2731ed910f38dff5af6f89316400e740191fdb5154d1e9f32392d80f0b,Dataset-Bacteria/Staphylococcus aureus/64.png
