cnn_seed,run_seed,round_id,model_name,model_display_name,training_mode,epochs,train_loss_final,train_accuracy_final,elapsed_seconds,train_fold_id,test_fold_ids,raw_train_sample_count,raw_test_sample_count,real_train_patch_count,gan_train_patch_count,total_train_patch_count,test_patch_count,real_train_cocci_count,real_train_bacilli_count,gan_train_cocci_count,gan_train_bacilli_count,train_cocci_count,train_bacilli_count,test_cocci_count,test_bacilli_count,sample_count,tp,tn,fp,fn,accuracy,accuracy_cocci,accuracy_bacilli,precision_cocci,recall_cocci,f1_cocci,precision_bacilli,recall_bacilli,f1_bacilli,macro_precision,macro_recall,macro_f1,balanced_accuracy,checkpoint_path,prediction_path,training_history_path,run_tag
2026,2026,1,resnet50,ResNet-50,baseline,10,0.002855,1.0,129.93,1,"2,3,4,5",86,341,870,0,870,3309,380,490,0,0,380,490,1407,1902,3309,1884,1400,7,18,0.992445,0.995025,0.990536,0.987306,0.995025,0.99115,0.996298,0.990536,0.993409,0.991802,0.992781,0.99228,0.992781,checkpoints/15_resnet50_baseline_dataset2/seed_2026_round_1_final.pth,results/15_resnet50_baseline_dataset2/seed_2026_round_1_predictions.csv,results/15_resnet50_baseline_dataset2/seed_2026_round_1_training_history.csv,15_resnet50_baseline_dataset2
2026,2026,2,resnet50,ResNet-50,baseline,10,0.002602,1.0,106.71,2,"1,3,4,5",86,341,837,0,837,3342,344,493,0,0,344,493,1443,1899,3342,1874,1433,10,25,0.989527,0.99307,0.986835,0.982853,0.99307,0.987935,0.994692,0.986835,0.990748,0.988773,0.989953,0.989342,0.989953,checkpoints/15_resnet50_baseline_dataset2/seed_2026_round_2_final.pth,results/15_resnet50_baseline_dataset2/seed_2026_round_2_predictions.csv,results/15_resnet50_baseline_dataset2/seed_2026_round_2_training_history.csv,15_resnet50_baseline_dataset2
2026,2026,3,resnet50,ResNet-50,baseline,10,0.001791,1.0,76.75,3,"1,2,4,5",85,342,806,0,806,3373,358,448,0,0,358,448,1429,1944,3373,1932,1419,10,12,0.993478,0.993002,0.993827,0.991614,0.993002,0.992308,0.994851,0.993827,0.994339,0.993232,0.993415,0.993323,0.993415,checkpoints/15_resnet50_baseline_dataset2/seed_2026_round_3_final.pth,results/15_resnet50_baseline_dataset2/seed_2026_round_3_predictions.csv,results/15_resnet50_baseline_dataset2/seed_2026_round_3_training_history.csv,15_resnet50_baseline_dataset2
2026,2026,4,resnet50,ResNet-50,baseline,10,0.010364,0.997564,77.95,4,"1,2,3,5",85,342,821,0,821,3358,351,470,0,0,351,470,1436,1922,3358,1872,1425,11,50,0.981834,0.99234,0.973985,0.966102,0.99234,0.979045,0.994158,0.973985,0.983968,0.98013,0.983163,0.981507,0.983163,checkpoints/15_resnet50_baseline_dataset2/seed_2026_round_4_final.pth,results/15_resnet50_baseline_dataset2/seed_2026_round_4_predictions.csv,results/15_resnet50_baseline_dataset2/seed_2026_round_4_training_history.csv,15_resnet50_baseline_dataset2
2026,2026,5,resnet50,ResNet-50,baseline,10,0.001672,1.0,80.61,5,"1,2,3,4",85,342,845,0,845,3334,354,491,0,0,354,491,1433,1901,3334,1900,1415,18,1,0.994301,0.987439,0.999474,0.999294,0.987439,0.993331,0.990615,0.999474,0.995025,0.994955,0.993456,0.994178,0.993456,checkpoints/15_resnet50_baseline_dataset2/seed_2026_round_5_final.pth,results/15_resnet50_baseline_dataset2/seed_2026_round_5_predictions.csv,results/15_resnet50_baseline_dataset2/seed_2026_round_5_training_history.csv,15_resnet50_baseline_dataset2
2027,2027,1,resnet50,ResNet-50,baseline,10,0.004895,0.998851,81.62,1,"2,3,4,5",86,341,870,0,870,3309,380,490,0,0,380,490,1407,1902,3309,1899,1387,20,3,0.993049,0.985785,0.998423,0.997842,0.985785,0.991777,0.989578,0.998423,0.993981,0.99371,0.992104,0.992879,0.992104,checkpoints/15_resnet50_baseline_dataset2/seed_2027_round_1_final.pth,results/15_resnet50_baseline_dataset2/seed_2027_round_1_predictions.csv,results/15_resnet50_baseline_dataset2/seed_2027_round_1_training_history.csv,15_resnet50_baseline_dataset2
2027,2027,2,resnet50,ResNet-50,baseline,10,0.001577,1.0,79.8,2,"1,3,4,5",86,341,837,0,837,3342,344,493,0,0,344,493,1443,1899,3342,1879,1431,12,20,0.990425,0.991684,0.989468,0.986216,0.991684,0.988943,0.993654,0.989468,0.991557,0.989935,0.990576,0.99025,0.990576,checkpoints/15_resnet50_baseline_dataset2/seed_2027_round_2_final.pth,results/15_resnet50_baseline_dataset2/seed_2027_round_2_predictions.csv,results/15_resnet50_baseline_dataset2/seed_2027_round_2_training_history.csv,15_resnet50_baseline_dataset2
2027,2027,3,resnet50,ResNet-50,baseline,10,0.004016,1.0,76.92,3,"1,2,4,5",85,342,806,0,806,3373,358,448,0,0,358,448,1429,1944,3373,1924,1418,11,20,0.990809,0.992302,0.989712,0.986092,0.992302,0.989187,0.994315,0.989712,0.992008,0.990204,0.991007,0.990598,0.991007,checkpoints/15_resnet50_baseline_dataset2/seed_2027_round_3_final.pth,results/15_resnet50_baseline_dataset2/seed_2027_round_3_predictions.csv,results/15_resnet50_baseline_dataset2/seed_2027_round_3_training_history.csv,15_resnet50_baseline_dataset2
2027,2027,4,resnet50,ResNet-50,baseline,10,0.018011,0.995128,78.08,4,"1,2,3,5",85,342,821,0,821,3358,351,470,0,0,351,470,1436,1922,3358,1888,1434,2,34,0.989279,0.998607,0.98231,0.976839,0.998607,0.987603,0.998942,0.98231,0.990556,0.987891,0.990459,0.98908,0.990459,checkpoints/15_resnet50_baseline_dataset2/seed_2027_round_4_final.pth,results/15_resnet50_baseline_dataset2/seed_2027_round_4_predictions.csv,results/15_resnet50_baseline_dataset2/seed_2027_round_4_training_history.csv,15_resnet50_baseline_dataset2
2027,2027,5,resnet50,ResNet-50,baseline,10,0.007439,0.998817,79.73,5,"1,2,3,4",85,342,845,0,845,3334,354,491,0,0,354,491,1433,1901,3334,1889,1422,11,12,0.993101,0.992324,0.993688,0.991632,0.992324,0.991978,0.994211,0.993688,0.993949,0.992921,0.993006,0.992963,0.993006,checkpoints/15_resnet50_baseline_dataset2/seed_2027_round_5_final.pth,results/15_resnet50_baseline_dataset2/seed_2027_round_5_predictions.csv,results/15_resnet50_baseline_dataset2/seed_2027_round_5_training_history.csv,15_resnet50_baseline_dataset2
2028,2028,1,resnet50,ResNet-50,baseline,10,0.00211,1.0,81.56,1,"2,3,4,5",86,341,870,0,870,3309,380,490,0,0,380,490,1407,1902,3309,1897,1397,10,5,0.995467,0.992893,0.997371,0.996434,0.992893,0.99466,0.994756,0.997371,0.996062,0.995595,0.995132,0.995361,0.995132,checkpoints/15_resnet50_baseline_dataset2/seed_2028_round_1_final.pth,results/15_resnet50_baseline_dataset2/seed_2028_round_1_predictions.csv,results/15_resnet50_baseline_dataset2/seed_2028_round_1_training_history.csv,15_resnet50_baseline_dataset2
2028,2028,2,resnet50,ResNet-50,baseline,10,0.001475,1.0,79.7,2,"1,3,4,5",86,341,837,0,837,3342,344,493,0,0,344,493,1443,1899,3342,1867,1437,6,32,0.98863,0.995842,0.983149,0.978216,0.995842,0.986951,0.996797,0.983149,0.989926,0.987507,0.989496,0.988438,0.989496,checkpoints/15_resnet50_baseline_dataset2/seed_2028_round_2_final.pth,results/15_resnet50_baseline_dataset2/seed_2028_round_2_predictions.csv,results/15_resnet50_baseline_dataset2/seed_2028_round_2_training_history.csv,15_resnet50_baseline_dataset2
2028,2028,3,resnet50,ResNet-50,baseline,10,0.000678,1.0,76.79,3,"1,2,4,5",85,342,806,0,806,3373,358,448,0,0,358,448,1429,1944,3373,1930,1419,10,14,0.992885,0.993002,0.992798,0.99023,0.993002,0.991614,0.994845,0.992798,0.993821,0.992538,0.9929,0.992718,0.9929,checkpoints/15_resnet50_baseline_dataset2/seed_2028_round_3_final.pth,results/15_resnet50_baseline_dataset2/seed_2028_round_3_predictions.csv,results/15_resnet50_baseline_dataset2/seed_2028_round_3_training_history.csv,15_resnet50_baseline_dataset2
2028,2028,4,resnet50,ResNet-50,baseline,10,0.002069,1.0,78.52,4,"1,2,3,5",85,342,821,0,821,3358,351,470,0,0,351,470,1436,1922,3358,1886,1434,2,36,0.988684,0.998607,0.98127,0.97551,0.998607,0.986924,0.998941,0.98127,0.990026,0.987225,0.989938,0.988475,0.989938,checkpoints/15_resnet50_baseline_dataset2/seed_2028_round_4_final.pth,results/15_resnet50_baseline_dataset2/seed_2028_round_4_predictions.csv,results/15_resnet50_baseline_dataset2/seed_2028_round_4_training_history.csv,15_resnet50_baseline_dataset2
2028,2028,5,resnet50,ResNet-50,baseline,10,0.008544,0.997633,79.59,5,"1,2,3,4",85,342,845,0,845,3334,354,491,0,0,354,491,1433,1901,3334,1896,1422,11,5,0.995201,0.992324,0.99737,0.996496,0.992324,0.994406,0.994232,0.99737,0.995798,0.995364,0.994847,0.995102,0.994847,checkpoints/15_resnet50_baseline_dataset2/seed_2028_round_5_final.pth,results/15_resnet50_baseline_dataset2/seed_2028_round_5_predictions.csv,results/15_resnet50_baseline_dataset2/seed_2028_round_5_training_history.csv,15_resnet50_baseline_dataset2
2026,2026,1,resnet50,ResNet-50,gan,10,0.00737,0.99898,138.89,1,"2,3,4,5",86,341,870,110,980,3309,380,490,110,0,490,490,1407,1902,3309,1888,1400,7,14,0.993654,0.995025,0.992639,0.990099,0.995025,0.992556,0.996306,0.992639,0.994469,0.993203,0.993832,0.993513,0.993832,checkpoints/16_resnet50_gan_dataset2/seed_2026_round_1_final.pth,results/16_resnet50_gan_dataset2/seed_2026_round_1_predictions.csv,results/16_resnet50_gan_dataset2/seed_2026_round_1_training_history.csv,16_resnet50_gan_dataset2
2026,2026,2,resnet50,ResNet-50,gan,10,0.003894,1.0,118.24,2,"1,3,4,5",86,341,837,149,986,3342,344,493,149,0,493,493,1443,1899,3342,1877,1435,8,22,0.991023,0.994456,0.988415,0.9849,0.994456,0.989655,0.995756,0.988415,0.992072,0.990328,0.991435,0.990864,0.991435,checkpoints/16_resnet50_gan_dataset2/seed_2026_round_2_final.pth,results/16_resnet50_gan_dataset2/seed_2026_round_2_predictions.csv,results/16_resnet50_gan_dataset2/seed_2026_round_2_training_history.csv,16_resnet50_gan_dataset2
2026,2026,3,resnet50,ResNet-50,gan,10,0.003112,0.998884,83.43,3,"1,2,4,5",85,342,806,90,896,3373,358,448,90,0,448,448,1429,1944,3373,1924,1420,9,20,0.991402,0.993702,0.989712,0.986111,0.993702,0.989892,0.995344,0.989712,0.99252,0.990728,0.991707,0.991206,0.991707,checkpoints/16_resnet50_gan_dataset2/seed_2026_round_3_final.pth,results/16_resnet50_gan_dataset2/seed_2026_round_3_predictions.csv,results/16_resnet50_gan_dataset2/seed_2026_round_3_training_history.csv,16_resnet50_gan_dataset2
2026,2026,4,resnet50,ResNet-50,gan,10,0.011376,0.994681,100.84,4,"1,2,3,5",85,342,821,119,940,3358,351,470,119,0,470,470,1436,1922,3358,1861,1436,0,61,0.981834,1.0,0.968262,0.959252,1.0,0.979202,1.0,0.968262,0.983875,0.979626,0.984131,0.981539,0.984131,checkpoints/16_resnet50_gan_dataset2/seed_2026_round_4_final.pth,results/16_resnet50_gan_dataset2/seed_2026_round_4_predictions.csv,results/16_resnet50_gan_dataset2/seed_2026_round_4_training_history.csv,16_resnet50_gan_dataset2
2026,2026,5,resnet50,ResNet-50,gan,10,0.005587,0.998982,104.34,5,"1,2,3,4",85,342,845,137,982,3334,354,491,137,0,491,491,1433,1901,3334,1897,1421,12,4,0.995201,0.991626,0.997896,0.997193,0.991626,0.994402,0.993714,0.997896,0.995801,0.995453,0.994761,0.995101,0.994761,checkpoints/16_resnet50_gan_dataset2/seed_2026_round_5_final.pth,results/16_resnet50_gan_dataset2/seed_2026_round_5_predictions.csv,results/16_resnet50_gan_dataset2/seed_2026_round_5_training_history.csv,16_resnet50_gan_dataset2
2027,2027,1,resnet50,ResNet-50,gan,10,0.005184,0.99898,90.93,1,"2,3,4,5",86,341,870,110,980,3309,380,490,110,0,490,490,1407,1902,3309,1892,1402,5,10,0.995467,0.996446,0.994742,0.992918,0.996446,0.994679,0.997364,0.994742,0.996052,0.995141,0.995594,0.995365,0.995594,checkpoints/16_resnet50_gan_dataset2/seed_2027_round_1_final.pth,results/16_resnet50_gan_dataset2/seed_2027_round_1_predictions.csv,results/16_resnet50_gan_dataset2/seed_2027_round_1_training_history.csv,16_resnet50_gan_dataset2
2027,2027,2,resnet50,ResNet-50,gan,10,0.000921,1.0,89.84,2,"1,3,4,5",86,341,837,149,986,3342,344,493,149,0,493,493,1443,1899,3342,1894,1435,8,5,0.99611,0.994456,0.997367,0.996528,0.994456,0.995491,0.995794,0.997367,0.99658,0.996161,0.995912,0.996035,0.995912,checkpoints/16_resnet50_gan_dataset2/seed_2027_round_2_final.pth,results/16_resnet50_gan_dataset2/seed_2027_round_2_predictions.csv,results/16_resnet50_gan_dataset2/seed_2027_round_2_training_history.csv,16_resnet50_gan_dataset2
2027,2027,3,resnet50,ResNet-50,gan,10,0.0012,1.0,83.49,3,"1,2,4,5",85,342,806,90,896,3373,358,448,90,0,448,448,1429,1944,3373,1931,1417,12,13,0.992588,0.991603,0.993313,0.990909,0.991603,0.991256,0.993824,0.993313,0.993568,0.992367,0.992458,0.992412,0.992458,checkpoints/16_resnet50_gan_dataset2/seed_2027_round_3_final.pth,results/16_resnet50_gan_dataset2/seed_2027_round_3_predictions.csv,results/16_resnet50_gan_dataset2/seed_2027_round_3_training_history.csv,16_resnet50_gan_dataset2
2027,2027,4,resnet50,ResNet-50,gan,10,0.005771,0.997872,86.74,4,"1,2,3,5",85,342,821,119,940,3358,351,470,119,0,470,470,1436,1922,3358,1894,1415,21,28,0.985408,0.985376,0.985432,0.980596,0.985376,0.98298,0.989034,0.985432,0.98723,0.984815,0.985404,0.985105,0.985404,checkpoints/16_resnet50_gan_dataset2/seed_2027_round_4_final.pth,results/16_resnet50_gan_dataset2/seed_2027_round_4_predictions.csv,results/16_resnet50_gan_dataset2/seed_2027_round_4_training_history.csv,16_resnet50_gan_dataset2
2027,2027,5,resnet50,ResNet-50,gan,10,0.002347,1.0,89.67,5,"1,2,3,4",85,342,845,137,982,3334,354,491,137,0,491,491,1433,1901,3334,1899,1421,12,2,0.995801,0.991626,0.998948,0.998595,0.991626,0.995098,0.993721,0.998948,0.996327,0.996158,0.995287,0.995713,0.995287,checkpoints/16_resnet50_gan_dataset2/seed_2027_round_5_final.pth,results/16_resnet50_gan_dataset2/seed_2027_round_5_predictions.csv,results/16_resnet50_gan_dataset2/seed_2027_round_5_training_history.csv,16_resnet50_gan_dataset2
2028,2028,1,resnet50,ResNet-50,gan,10,0.009351,0.99898,89.55,1,"2,3,4,5",86,341,870,110,980,3309,380,490,110,0,490,490,1407,1902,3309,1894,1400,7,8,0.995467,0.995025,0.995794,0.994318,0.995025,0.994671,0.996318,0.995794,0.996056,0.995318,0.995409,0.995364,0.995409,checkpoints/16_resnet50_gan_dataset2/seed_2028_round_1_final.pth,results/16_resnet50_gan_dataset2/seed_2028_round_1_predictions.csv,results/16_resnet50_gan_dataset2/seed_2028_round_1_training_history.csv,16_resnet50_gan_dataset2
2028,2028,2,resnet50,ResNet-50,gan,10,0.003788,1.0,89.87,2,"1,3,4,5",86,341,837,149,986,3342,344,493,149,0,493,493,1443,1899,3342,1888,1431,12,11,0.993118,0.991684,0.994207,0.992372,0.991684,0.992028,0.993684,0.994207,0.993946,0.993028,0.992946,0.992987,0.992946,checkpoints/16_resnet50_gan_dataset2/seed_2028_round_2_final.pth,results/16_resnet50_gan_dataset2/seed_2028_round_2_predictions.csv,results/16_resnet50_gan_dataset2/seed_2028_round_2_training_history.csv,16_resnet50_gan_dataset2
2028,2028,3,resnet50,ResNet-50,gan,10,0.002096,1.0,83.58,3,"1,2,4,5",85,342,806,90,896,3373,358,448,90,0,448,448,1429,1944,3373,1934,1421,8,10,0.994664,0.994402,0.994856,0.993012,0.994402,0.993706,0.995881,0.994856,0.995368,0.994446,0.994629,0.994537,0.994629,checkpoints/16_resnet50_gan_dataset2/seed_2028_round_3_final.pth,results/16_resnet50_gan_dataset2/seed_2028_round_3_predictions.csv,results/16_resnet50_gan_dataset2/seed_2028_round_3_training_history.csv,16_resnet50_gan_dataset2
2028,2028,4,resnet50,ResNet-50,gan,10,0.004892,1.0,86.53,4,"1,2,3,5",85,342,821,119,940,3358,351,470,119,0,470,470,1436,1922,3358,1881,1436,0,41,0.98779,1.0,0.978668,0.972241,1.0,0.985925,1.0,0.978668,0.989219,0.986121,0.989334,0.987572,0.989334,checkpoints/16_resnet50_gan_dataset2/seed_2028_round_4_final.pth,results/16_resnet50_gan_dataset2/seed_2028_round_4_predictions.csv,results/16_resnet50_gan_dataset2/seed_2028_round_4_training_history.csv,16_resnet50_gan_dataset2
2028,2028,5,resnet50,ResNet-50,gan,10,0.007467,0.997963,89.59,5,"1,2,3,4",85,342,845,137,982,3334,354,491,137,0,491,491,1433,1901,3334,1899,1423,10,2,0.996401,0.993022,0.998948,0.998596,0.993022,0.995801,0.994762,0.998948,0.99685,0.996679,0.995985,0.996326,0.995985,checkpoints/16_resnet50_gan_dataset2/seed_2028_round_5_final.pth,results/16_resnet50_gan_dataset2/seed_2028_round_5_predictions.csv,results/16_resnet50_gan_dataset2/seed_2028_round_5_training_history.csv,16_resnet50_gan_dataset2
2026,2026,1,resnet50,ResNet-50,stylegan3,10,0.001458,1.0,131.04,1,"2,3,4,5",86,341,870,110,980,3309,380,490,110,0,490,490,1407,1902,3309,1891,1402,5,11,0.995165,0.996446,0.994217,0.992215,0.996446,0.994326,0.997363,0.994217,0.995787,0.994789,0.995331,0.995057,0.995331,checkpoints/29_resnet50_stylegan3_dataset2/seed_2026_round_1_final.pth,results/29_resnet50_stylegan3_dataset2/seed_2026_round_1_predictions.csv,results/29_resnet50_stylegan3_dataset2/seed_2026_round_1_training_history.csv,29_resnet50_stylegan3_dataset2
2026,2026,2,resnet50,ResNet-50,stylegan3,10,0.002214,1.0,116.71,2,"1,3,4,5",86,341,837,149,986,3342,344,493,149,0,493,493,1443,1899,3342,1884,1435,8,15,0.993118,0.994456,0.992101,0.989655,0.994456,0.99205,0.995772,0.992101,0.993933,0.992713,0.993279,0.992991,0.993279,checkpoints/29_resnet50_stylegan3_dataset2/seed_2026_round_2_final.pth,results/29_resnet50_stylegan3_dataset2/seed_2026_round_2_predictions.csv,results/29_resnet50_stylegan3_dataset2/seed_2026_round_2_training_history.csv,29_resnet50_stylegan3_dataset2
2026,2026,3,resnet50,ResNet-50,stylegan3,10,0.002747,1.0,83.21,3,"1,2,4,5",85,342,806,90,896,3373,358,448,90,0,448,448,1429,1944,3373,1936,1419,10,8,0.994664,0.993002,0.995885,0.994394,0.993002,0.993697,0.994861,0.995885,0.995373,0.994628,0.994443,0.994535,0.994443,checkpoints/29_resnet50_stylegan3_dataset2/seed_2026_round_3_final.pth,results/29_resnet50_stylegan3_dataset2/seed_2026_round_3_predictions.csv,results/29_resnet50_stylegan3_dataset2/seed_2026_round_3_training_history.csv,29_resnet50_stylegan3_dataset2
2026,2026,4,resnet50,ResNet-50,stylegan3,10,0.003297,1.0,101.78,4,"1,2,3,5",85,342,821,119,940,3358,351,470,119,0,470,470,1436,1922,3358,1886,1433,3,36,0.988386,0.997911,0.98127,0.975494,0.997911,0.986575,0.998412,0.98127,0.989766,0.986953,0.98959,0.988171,0.98959,checkpoints/29_resnet50_stylegan3_dataset2/seed_2026_round_4_final.pth,results/29_resnet50_stylegan3_dataset2/seed_2026_round_4_predictions.csv,results/29_resnet50_stylegan3_dataset2/seed_2026_round_4_training_history.csv,29_resnet50_stylegan3_dataset2
2026,2026,5,resnet50,ResNet-50,stylegan3,10,0.003638,0.998982,104.39,5,"1,2,3,4",85,342,845,137,982,3334,354,491,137,0,491,491,1433,1901,3334,1897,1426,7,4,0.996701,0.995115,0.997896,0.997203,0.995115,0.996158,0.996324,0.997896,0.997109,0.996763,0.996505,0.996633,0.996505,checkpoints/29_resnet50_stylegan3_dataset2/seed_2026_round_5_final.pth,results/29_resnet50_stylegan3_dataset2/seed_2026_round_5_predictions.csv,results/29_resnet50_stylegan3_dataset2/seed_2026_round_5_training_history.csv,29_resnet50_stylegan3_dataset2
2027,2027,1,resnet50,ResNet-50,stylegan3,10,0.010475,0.997959,89.84,1,"2,3,4,5",86,341,870,110,980,3309,380,490,110,0,490,490,1407,1902,3309,1888,1403,4,14,0.99456,0.997157,0.992639,0.99012,0.997157,0.993626,0.997886,0.992639,0.995256,0.994003,0.994898,0.994441,0.994898,checkpoints/29_resnet50_stylegan3_dataset2/seed_2027_round_1_final.pth,results/29_resnet50_stylegan3_dataset2/seed_2027_round_1_predictions.csv,results/29_resnet50_stylegan3_dataset2/seed_2027_round_1_training_history.csv,29_resnet50_stylegan3_dataset2
2027,2027,2,resnet50,ResNet-50,stylegan3,10,0.00085,1.0,90.33,2,"1,3,4,5",86,341,837,149,986,3342,344,493,149,0,493,493,1443,1899,3342,1888,1435,8,11,0.994315,0.994456,0.994207,0.992393,0.994456,0.993423,0.995781,0.994207,0.994993,0.994087,0.994332,0.994208,0.994332,checkpoints/29_resnet50_stylegan3_dataset2/seed_2027_round_2_final.pth,results/29_resnet50_stylegan3_dataset2/seed_2027_round_2_predictions.csv,results/29_resnet50_stylegan3_dataset2/seed_2027_round_2_training_history.csv,29_resnet50_stylegan3_dataset2
2027,2027,3,resnet50,ResNet-50,stylegan3,10,0.001533,1.0,84.05,3,"1,2,4,5",85,342,806,90,896,3373,358,448,90,0,448,448,1429,1944,3373,1926,1421,8,18,0.992292,0.994402,0.990741,0.987491,0.994402,0.990934,0.995863,0.990741,0.993296,0.991677,0.992571,0.992115,0.992571,checkpoints/29_resnet50_stylegan3_dataset2/seed_2027_round_3_final.pth,results/29_resnet50_stylegan3_dataset2/seed_2027_round_3_predictions.csv,results/29_resnet50_stylegan3_dataset2/seed_2027_round_3_training_history.csv,29_resnet50_stylegan3_dataset2
2027,2027,4,resnet50,ResNet-50,stylegan3,10,0.005388,1.0,86.73,4,"1,2,3,5",85,342,821,119,940,3358,351,470,119,0,470,470,1436,1922,3358,1882,1435,1,40,0.98779,0.999304,0.979188,0.972881,0.999304,0.985915,0.999469,0.979188,0.989225,0.986175,0.989246,0.98757,0.989246,checkpoints/29_resnet50_stylegan3_dataset2/seed_2027_round_4_final.pth,results/29_resnet50_stylegan3_dataset2/seed_2027_round_4_predictions.csv,results/29_resnet50_stylegan3_dataset2/seed_2027_round_4_training_history.csv,29_resnet50_stylegan3_dataset2
2027,2027,5,resnet50,ResNet-50,stylegan3,10,0.001239,1.0,90.05,5,"1,2,3,4",85,342,845,137,982,3334,354,491,137,0,491,491,1433,1901,3334,1898,1425,8,3,0.996701,0.994417,0.998422,0.997899,0.994417,0.996155,0.995803,0.998422,0.997111,0.996851,0.99642,0.996633,0.99642,checkpoints/29_resnet50_stylegan3_dataset2/seed_2027_round_5_final.pth,results/29_resnet50_stylegan3_dataset2/seed_2027_round_5_predictions.csv,results/29_resnet50_stylegan3_dataset2/seed_2027_round_5_training_history.csv,29_resnet50_stylegan3_dataset2
2028,2028,1,resnet50,ResNet-50,stylegan3,10,0.026843,0.992857,89.84,1,"2,3,4,5",86,341,870,110,980,3309,380,490,110,0,490,490,1407,1902,3309,1899,1399,8,3,0.996676,0.994314,0.998423,0.99786,0.994314,0.996084,0.995805,0.998423,0.997112,0.996833,0.996368,0.996598,0.996368,checkpoints/29_resnet50_stylegan3_dataset2/seed_2028_round_1_final.pth,results/29_resnet50_stylegan3_dataset2/seed_2028_round_1_predictions.csv,results/29_resnet50_stylegan3_dataset2/seed_2028_round_1_training_history.csv,29_resnet50_stylegan3_dataset2
2028,2028,2,resnet50,ResNet-50,stylegan3,10,0.006782,0.998986,91.11,2,"1,3,4,5",86,341,837,149,986,3342,344,493,149,0,493,493,1443,1899,3342,1889,1435,8,10,0.994614,0.994456,0.994734,0.99308,0.994456,0.993767,0.995783,0.994734,0.995258,0.994431,0.994595,0.994513,0.994595,checkpoints/29_resnet50_stylegan3_dataset2/seed_2028_round_2_final.pth,results/29_resnet50_stylegan3_dataset2/seed_2028_round_2_predictions.csv,results/29_resnet50_stylegan3_dataset2/seed_2028_round_2_training_history.csv,29_resnet50_stylegan3_dataset2
2028,2028,3,resnet50,ResNet-50,stylegan3,10,0.004151,1.0,83.31,3,"1,2,4,5",85,342,806,90,896,3373,358,448,90,0,448,448,1429,1944,3373,1928,1419,10,16,0.992292,0.993002,0.99177,0.98885,0.993002,0.990922,0.99484,0.99177,0.993302,0.991845,0.992386,0.992112,0.992386,checkpoints/29_resnet50_stylegan3_dataset2/seed_2028_round_3_final.pth,results/29_resnet50_stylegan3_dataset2/seed_2028_round_3_predictions.csv,results/29_resnet50_stylegan3_dataset2/seed_2028_round_3_training_history.csv,29_resnet50_stylegan3_dataset2
2028,2028,4,resnet50,ResNet-50,stylegan3,10,0.021623,0.994681,86.5,4,"1,2,3,5",85,342,821,119,940,3358,351,470,119,0,470,470,1436,1922,3358,1888,1400,36,34,0.979154,0.97493,0.98231,0.97629,0.97493,0.97561,0.981289,0.98231,0.981799,0.97879,0.97862,0.978705,0.97862,checkpoints/29_resnet50_stylegan3_dataset2/seed_2028_round_4_final.pth,results/29_resnet50_stylegan3_dataset2/seed_2028_round_4_predictions.csv,results/29_resnet50_stylegan3_dataset2/seed_2028_round_4_training_history.csv,29_resnet50_stylegan3_dataset2
2028,2028,5,resnet50,ResNet-50,stylegan3,10,0.013674,0.994908,89.87,5,"1,2,3,4",85,342,845,137,982,3334,354,491,137,0,491,491,1433,1901,3334,1878,1425,8,23,0.990702,0.994417,0.987901,0.984116,0.994417,0.98924,0.995758,0.987901,0.991814,0.989937,0.991159,0.990527,0.991159,checkpoints/29_resnet50_stylegan3_dataset2/seed_2028_round_5_final.pth,results/29_resnet50_stylegan3_dataset2/seed_2028_round_5_predictions.csv,results/29_resnet50_stylegan3_dataset2/seed_2028_round_5_training_history.csv,29_resnet50_stylegan3_dataset2
2026,2026,1,efficientnetv2s,EfficientNetV2-S,baseline,10,0.002902,1.0,144.09,1,"2,3,4,5",86,341,870,0,870,3309,380,490,0,0,380,490,1407,1902,3309,1890,1404,3,12,0.995467,0.997868,0.993691,0.991525,0.997868,0.994687,0.998415,0.993691,0.996047,0.99497,0.995779,0.995367,0.995779,checkpoints/17_efficientnetv2s_baseline_dataset2/seed_2026_round_1_final.pth,results/17_efficientnetv2s_baseline_dataset2/seed_2026_round_1_predictions.csv,results/17_efficientnetv2s_baseline_dataset2/seed_2026_round_1_training_history.csv,17_efficientnetv2s_baseline_dataset2
2026,2026,2,efficientnetv2s,EfficientNetV2-S,baseline,10,0.008586,0.997611,123.22,2,"1,3,4,5",86,341,837,0,837,3342,344,493,0,0,344,493,1443,1899,3342,1883,1438,5,16,0.993716,0.996535,0.991575,0.988996,0.996535,0.992751,0.997352,0.991575,0.994455,0.993174,0.994055,0.993603,0.994055,checkpoints/17_efficientnetv2s_baseline_dataset2/seed_2026_round_2_final.pth,results/17_efficientnetv2s_baseline_dataset2/seed_2026_round_2_predictions.csv,results/17_efficientnetv2s_baseline_dataset2/seed_2026_round_2_training_history.csv,17_efficientnetv2s_baseline_dataset2
2026,2026,3,efficientnetv2s,EfficientNetV2-S,baseline,10,0.001974,1.0,88.57,3,"1,2,4,5",85,342,806,0,806,3373,358,448,0,0,358,448,1429,1944,3373,1941,1420,9,3,0.996442,0.993702,0.998457,0.997892,0.993702,0.995792,0.995385,0.998457,0.996918,0.996638,0.996079,0.996355,0.996079,checkpoints/17_efficientnetv2s_baseline_dataset2/seed_2026_round_3_final.pth,results/17_efficientnetv2s_baseline_dataset2/seed_2026_round_3_predictions.csv,results/17_efficientnetv2s_baseline_dataset2/seed_2026_round_3_training_history.csv,17_efficientnetv2s_baseline_dataset2
2026,2026,4,efficientnetv2s,EfficientNetV2-S,baseline,10,0.010134,0.998782,91.01,4,"1,2,3,5",85,342,821,0,821,3358,351,470,0,0,351,470,1436,1922,3358,1889,1432,4,33,0.988982,0.997214,0.98283,0.977474,0.997214,0.987246,0.997887,0.98283,0.990301,0.987681,0.990022,0.988774,0.990022,checkpoints/17_efficientnetv2s_baseline_dataset2/seed_2026_round_4_final.pth,results/17_efficientnetv2s_baseline_dataset2/seed_2026_round_4_predictions.csv,results/17_efficientnetv2s_baseline_dataset2/seed_2026_round_4_training_history.csv,17_efficientnetv2s_baseline_dataset2
2026,2026,5,efficientnetv2s,EfficientNetV2-S,baseline,10,0.001936,1.0,93.55,5,"1,2,3,4",85,342,845,0,845,3334,354,491,0,0,354,491,1433,1901,3334,1899,1424,9,2,0.996701,0.993719,0.998948,0.998597,0.993719,0.996153,0.995283,0.998948,0.997112,0.99694,0.996334,0.996632,0.996334,checkpoints/17_efficientnetv2s_baseline_dataset2/seed_2026_round_5_final.pth,results/17_efficientnetv2s_baseline_dataset2/seed_2026_round_5_predictions.csv,results/17_efficientnetv2s_baseline_dataset2/seed_2026_round_5_training_history.csv,17_efficientnetv2s_baseline_dataset2
2027,2027,1,efficientnetv2s,EfficientNetV2-S,baseline,10,0.002595,1.0,95.7,1,"2,3,4,5",86,341,870,0,870,3309,380,490,0,0,380,490,1407,1902,3309,1885,1401,6,17,0.993049,0.995736,0.991062,0.988011,0.995736,0.991858,0.996827,0.991062,0.993936,0.992419,0.993399,0.992897,0.993399,checkpoints/17_efficientnetv2s_baseline_dataset2/seed_2027_round_1_final.pth,results/17_efficientnetv2s_baseline_dataset2/seed_2027_round_1_predictions.csv,results/17_efficientnetv2s_baseline_dataset2/seed_2027_round_1_training_history.csv,17_efficientnetv2s_baseline_dataset2
2027,2027,2,efficientnetv2s,EfficientNetV2-S,baseline,10,0.001597,1.0,92.65,2,"1,3,4,5",86,341,837,0,837,3342,344,493,0,0,344,493,1443,1899,3342,1885,1439,4,14,0.994614,0.997228,0.992628,0.990365,0.997228,0.993785,0.997882,0.992628,0.995248,0.994124,0.994928,0.994516,0.994928,checkpoints/17_efficientnetv2s_baseline_dataset2/seed_2027_round_2_final.pth,results/17_efficientnetv2s_baseline_dataset2/seed_2027_round_2_predictions.csv,results/17_efficientnetv2s_baseline_dataset2/seed_2027_round_2_training_history.csv,17_efficientnetv2s_baseline_dataset2
2027,2027,3,efficientnetv2s,EfficientNetV2-S,baseline,10,0.005662,0.998759,89.93,3,"1,2,4,5",85,342,806,0,806,3373,358,448,0,0,358,448,1429,1944,3373,1938,1424,5,6,0.996739,0.996501,0.996914,0.995804,0.996501,0.996153,0.997427,0.996914,0.99717,0.996615,0.996707,0.996661,0.996707,checkpoints/17_efficientnetv2s_baseline_dataset2/seed_2027_round_3_final.pth,results/17_efficientnetv2s_baseline_dataset2/seed_2027_round_3_predictions.csv,results/17_efficientnetv2s_baseline_dataset2/seed_2027_round_3_training_history.csv,17_efficientnetv2s_baseline_dataset2
2027,2027,4,efficientnetv2s,EfficientNetV2-S,baseline,10,0.002925,1.0,91.18,4,"1,2,3,5",85,342,821,0,821,3358,351,470,0,0,351,470,1436,1922,3358,1885,1433,3,37,0.988088,0.997911,0.980749,0.97483,0.997911,0.986235,0.998411,0.980749,0.989501,0.98662,0.98933,0.987868,0.98933,checkpoints/17_efficientnetv2s_baseline_dataset2/seed_2027_round_4_final.pth,results/17_efficientnetv2s_baseline_dataset2/seed_2027_round_4_predictions.csv,results/17_efficientnetv2s_baseline_dataset2/seed_2027_round_4_training_history.csv,17_efficientnetv2s_baseline_dataset2
2027,2027,5,efficientnetv2s,EfficientNetV2-S,baseline,10,0.006549,1.0,93.27,5,"1,2,3,4",85,342,845,0,845,3334,354,491,0,0,354,491,1433,1901,3334,1897,1428,5,4,0.997301,0.996511,0.997896,0.997207,0.996511,0.996859,0.997371,0.997896,0.997633,0.997289,0.997203,0.997246,0.997203,checkpoints/17_efficientnetv2s_baseline_dataset2/seed_2027_round_5_final.pth,results/17_efficientnetv2s_baseline_dataset2/seed_2027_round_5_predictions.csv,results/17_efficientnetv2s_baseline_dataset2/seed_2027_round_5_training_history.csv,17_efficientnetv2s_baseline_dataset2
2028,2028,1,efficientnetv2s,EfficientNetV2-S,baseline,10,0.001829,1.0,95.31,1,"2,3,4,5",86,341,870,0,870,3309,380,490,0,0,380,490,1407,1902,3309,1892,1400,7,10,0.994862,0.995025,0.994742,0.992908,0.995025,0.993965,0.996314,0.994742,0.995527,0.994611,0.994884,0.994746,0.994884,checkpoints/17_efficientnetv2s_baseline_dataset2/seed_2028_round_1_final.pth,results/17_efficientnetv2s_baseline_dataset2/seed_2028_round_1_predictions.csv,results/17_efficientnetv2s_baseline_dataset2/seed_2028_round_1_training_history.csv,17_efficientnetv2s_baseline_dataset2
2028,2028,2,efficientnetv2s,EfficientNetV2-S,baseline,10,0.001648,1.0,95.28,2,"1,3,4,5",86,341,837,0,837,3342,344,493,0,0,344,493,1443,1899,3342,1882,1435,8,17,0.992519,0.994456,0.991048,0.988292,0.994456,0.991364,0.995767,0.991048,0.993402,0.99203,0.992752,0.992383,0.992752,checkpoints/17_efficientnetv2s_baseline_dataset2/seed_2028_round_2_final.pth,results/17_efficientnetv2s_baseline_dataset2/seed_2028_round_2_predictions.csv,results/17_efficientnetv2s_baseline_dataset2/seed_2028_round_2_training_history.csv,17_efficientnetv2s_baseline_dataset2
2028,2028,3,efficientnetv2s,EfficientNetV2-S,baseline,10,0.006318,0.998759,89.82,3,"1,2,4,5",85,342,806,0,806,3373,358,448,0,0,358,448,1429,1944,3373,1939,1421,8,5,0.996146,0.994402,0.997428,0.996494,0.994402,0.995447,0.995891,0.997428,0.996659,0.996192,0.995915,0.996053,0.995915,checkpoints/17_efficientnetv2s_baseline_dataset2/seed_2028_round_3_final.pth,results/17_efficientnetv2s_baseline_dataset2/seed_2028_round_3_predictions.csv,results/17_efficientnetv2s_baseline_dataset2/seed_2028_round_3_training_history.csv,17_efficientnetv2s_baseline_dataset2
2028,2028,4,efficientnetv2s,EfficientNetV2-S,baseline,10,0.00395,0.998782,91.18,4,"1,2,3,5",85,342,821,0,821,3358,351,470,0,0,351,470,1436,1922,3358,1907,1426,10,15,0.992555,0.993036,0.992196,0.989591,0.993036,0.99131,0.994784,0.992196,0.993488,0.992187,0.992616,0.992399,0.992616,checkpoints/17_efficientnetv2s_baseline_dataset2/seed_2028_round_4_final.pth,results/17_efficientnetv2s_baseline_dataset2/seed_2028_round_4_predictions.csv,results/17_efficientnetv2s_baseline_dataset2/seed_2028_round_4_training_history.csv,17_efficientnetv2s_baseline_dataset2
2028,2028,5,efficientnetv2s,EfficientNetV2-S,baseline,10,0.013115,0.99645,92.7,5,"1,2,3,4",85,342,845,0,845,3334,354,491,0,0,354,491,1433,1901,3334,1900,1424,9,1,0.997001,0.993719,0.999474,0.999298,0.993719,0.996501,0.995285,0.999474,0.997375,0.997292,0.996597,0.996938,0.996597,checkpoints/17_efficientnetv2s_baseline_dataset2/seed_2028_round_5_final.pth,results/17_efficientnetv2s_baseline_dataset2/seed_2028_round_5_predictions.csv,results/17_efficientnetv2s_baseline_dataset2/seed_2028_round_5_training_history.csv,17_efficientnetv2s_baseline_dataset2
2026,2026,1,efficientnetv2s,EfficientNetV2-S,gan,10,0.002367,1.0,154.8,1,"2,3,4,5",86,341,870,110,980,3309,380,490,110,0,490,490,1407,1902,3309,1892,1403,4,10,0.995769,0.997157,0.994742,0.992923,0.997157,0.995035,0.99789,0.994742,0.996314,0.995407,0.99595,0.995675,0.99595,checkpoints/18_efficientnetv2s_gan_dataset2/seed_2026_round_1_final.pth,results/18_efficientnetv2s_gan_dataset2/seed_2026_round_1_predictions.csv,results/18_efficientnetv2s_gan_dataset2/seed_2026_round_1_training_history.csv,18_efficientnetv2s_gan_dataset2
2026,2026,2,efficientnetv2s,EfficientNetV2-S,gan,10,0.002016,1.0,136.38,2,"1,3,4,5",86,341,837,149,986,3342,344,493,149,0,493,493,1443,1899,3342,1891,1436,7,8,0.995512,0.995149,0.995787,0.99446,0.995149,0.994804,0.996312,0.995787,0.99605,0.995386,0.995468,0.995427,0.995468,checkpoints/18_efficientnetv2s_gan_dataset2/seed_2026_round_2_final.pth,results/18_efficientnetv2s_gan_dataset2/seed_2026_round_2_predictions.csv,results/18_efficientnetv2s_gan_dataset2/seed_2026_round_2_training_history.csv,18_efficientnetv2s_gan_dataset2
2026,2026,3,efficientnetv2s,EfficientNetV2-S,gan,10,0.009299,0.996652,95.23,3,"1,2,4,5",85,342,806,90,896,3373,358,448,90,0,448,448,1429,1944,3373,1927,1424,5,17,0.993478,0.996501,0.991255,0.988203,0.996501,0.992334,0.997412,0.991255,0.994324,0.992807,0.993878,0.993329,0.993878,checkpoints/18_efficientnetv2s_gan_dataset2/seed_2026_round_3_final.pth,results/18_efficientnetv2s_gan_dataset2/seed_2026_round_3_predictions.csv,results/18_efficientnetv2s_gan_dataset2/seed_2026_round_3_training_history.csv,18_efficientnetv2s_gan_dataset2
2026,2026,4,efficientnetv2s,EfficientNetV2-S,gan,10,0.003768,1.0,117.23,4,"1,2,3,5",85,342,821,119,940,3358,351,470,119,0,470,470,1436,1922,3358,1904,1433,3,18,0.993746,0.997911,0.990635,0.987595,0.997911,0.992726,0.998427,0.990635,0.994516,0.993011,0.994273,0.993621,0.994273,checkpoints/18_efficientnetv2s_gan_dataset2/seed_2026_round_4_final.pth,results/18_efficientnetv2s_gan_dataset2/seed_2026_round_4_predictions.csv,results/18_efficientnetv2s_gan_dataset2/seed_2026_round_4_training_history.csv,18_efficientnetv2s_gan_dataset2
2026,2026,5,efficientnetv2s,EfficientNetV2-S,gan,10,0.002293,1.0,119.97,5,"1,2,3,4",85,342,845,137,982,3334,354,491,137,0,491,491,1433,1901,3334,1898,1427,6,3,0.997301,0.995813,0.998422,0.997902,0.995813,0.996856,0.996849,0.998422,0.997635,0.997375,0.997117,0.997246,0.997117,checkpoints/18_efficientnetv2s_gan_dataset2/seed_2026_round_5_final.pth,results/18_efficientnetv2s_gan_dataset2/seed_2026_round_5_predictions.csv,results/18_efficientnetv2s_gan_dataset2/seed_2026_round_5_training_history.csv,18_efficientnetv2s_gan_dataset2
2027,2027,1,efficientnetv2s,EfficientNetV2-S,gan,10,0.014026,0.997959,103.61,1,"2,3,4,5",86,341,870,110,980,3309,380,490,110,0,490,490,1407,1902,3309,1894,1403,4,8,0.996374,0.997157,0.995794,0.99433,0.997157,0.995742,0.997893,0.995794,0.996842,0.996111,0.996475,0.996292,0.996475,checkpoints/18_efficientnetv2s_gan_dataset2/seed_2027_round_1_final.pth,results/18_efficientnetv2s_gan_dataset2/seed_2027_round_1_predictions.csv,results/18_efficientnetv2s_gan_dataset2/seed_2027_round_1_training_history.csv,18_efficientnetv2s_gan_dataset2
2027,2027,2,efficientnetv2s,EfficientNetV2-S,gan,10,0.003911,0.998986,103.86,2,"1,3,4,5",86,341,837,149,986,3342,344,493,149,0,493,493,1443,1899,3342,1888,1436,7,11,0.994614,0.995149,0.994207,0.992398,0.995149,0.993772,0.996306,0.994207,0.995256,0.994352,0.994678,0.994514,0.994678,checkpoints/18_efficientnetv2s_gan_dataset2/seed_2027_round_2_final.pth,results/18_efficientnetv2s_gan_dataset2/seed_2027_round_2_predictions.csv,results/18_efficientnetv2s_gan_dataset2/seed_2027_round_2_training_history.csv,18_efficientnetv2s_gan_dataset2
2027,2027,3,efficientnetv2s,EfficientNetV2-S,gan,10,0.002963,1.0,96.17,3,"1,2,4,5",85,342,806,90,896,3373,358,448,90,0,448,448,1429,1944,3373,1936,1421,8,8,0.995256,0.994402,0.995885,0.994402,0.994402,0.994402,0.995885,0.995885,0.995885,0.995143,0.995143,0.995143,0.995143,checkpoints/18_efficientnetv2s_gan_dataset2/seed_2027_round_3_final.pth,results/18_efficientnetv2s_gan_dataset2/seed_2027_round_3_predictions.csv,results/18_efficientnetv2s_gan_dataset2/seed_2027_round_3_training_history.csv,18_efficientnetv2s_gan_dataset2
2027,2027,4,efficientnetv2s,EfficientNetV2-S,gan,10,0.00205,1.0,100.0,4,"1,2,3,5",85,342,821,119,940,3358,351,470,119,0,470,470,1436,1922,3358,1903,1433,3,19,0.993448,0.997911,0.990114,0.986915,0.997911,0.992382,0.998426,0.990114,0.994253,0.99267,0.994013,0.993318,0.994013,checkpoints/18_efficientnetv2s_gan_dataset2/seed_2027_round_4_final.pth,results/18_efficientnetv2s_gan_dataset2/seed_2027_round_4_predictions.csv,results/18_efficientnetv2s_gan_dataset2/seed_2027_round_4_training_history.csv,18_efficientnetv2s_gan_dataset2
2027,2027,5,efficientnetv2s,EfficientNetV2-S,gan,10,0.01006,0.996945,103.57,5,"1,2,3,4",85,342,845,137,982,3334,354,491,137,0,491,491,1433,1901,3334,1896,1425,8,5,0.996101,0.994417,0.99737,0.996503,0.994417,0.995459,0.995798,0.99737,0.996583,0.996151,0.995894,0.996021,0.995894,checkpoints/18_efficientnetv2s_gan_dataset2/seed_2027_round_5_final.pth,results/18_efficientnetv2s_gan_dataset2/seed_2027_round_5_predictions.csv,results/18_efficientnetv2s_gan_dataset2/seed_2027_round_5_training_history.csv,18_efficientnetv2s_gan_dataset2
2028,2028,1,efficientnetv2s,EfficientNetV2-S,gan,10,0.006026,0.99898,104.79,1,"2,3,4,5",86,341,870,110,980,3309,380,490,110,0,490,490,1407,1902,3309,1893,1402,5,9,0.995769,0.996446,0.995268,0.993622,0.996446,0.995032,0.997366,0.995268,0.996316,0.995494,0.995857,0.995674,0.995857,checkpoints/18_efficientnetv2s_gan_dataset2/seed_2028_round_1_final.pth,results/18_efficientnetv2s_gan_dataset2/seed_2028_round_1_predictions.csv,results/18_efficientnetv2s_gan_dataset2/seed_2028_round_1_training_history.csv,18_efficientnetv2s_gan_dataset2
2028,2028,2,efficientnetv2s,EfficientNetV2-S,gan,10,0.002834,1.0,104.12,2,"1,3,4,5",86,341,837,149,986,3342,344,493,149,0,493,493,1443,1899,3342,1896,1427,16,3,0.994315,0.988912,0.99842,0.997902,0.988912,0.993387,0.991632,0.99842,0.995014,0.994767,0.993666,0.994201,0.993666,checkpoints/18_efficientnetv2s_gan_dataset2/seed_2028_round_2_final.pth,results/18_efficientnetv2s_gan_dataset2/seed_2028_round_2_predictions.csv,results/18_efficientnetv2s_gan_dataset2/seed_2028_round_2_training_history.csv,18_efficientnetv2s_gan_dataset2
2028,2028,3,efficientnetv2s,EfficientNetV2-S,gan,10,0.001218,1.0,96.06,3,"1,2,4,5",85,342,806,90,896,3373,358,448,90,0,448,448,1429,1944,3373,1941,1418,11,3,0.995849,0.992302,0.998457,0.997889,0.992302,0.995088,0.994365,0.998457,0.996407,0.996127,0.99538,0.995747,0.99538,checkpoints/18_efficientnetv2s_gan_dataset2/seed_2028_round_3_final.pth,results/18_efficientnetv2s_gan_dataset2/seed_2028_round_3_predictions.csv,results/18_efficientnetv2s_gan_dataset2/seed_2028_round_3_training_history.csv,18_efficientnetv2s_gan_dataset2
2028,2028,4,efficientnetv2s,EfficientNetV2-S,gan,10,0.010047,0.996809,99.74,4,"1,2,3,5",85,342,821,119,940,3358,351,470,119,0,470,470,1436,1922,3358,1890,1434,2,32,0.989875,0.998607,0.983351,0.978172,0.998607,0.988284,0.998943,0.983351,0.991085,0.988557,0.990979,0.989685,0.990979,checkpoints/18_efficientnetv2s_gan_dataset2/seed_2028_round_4_final.pth,results/18_efficientnetv2s_gan_dataset2/seed_2028_round_4_predictions.csv,results/18_efficientnetv2s_gan_dataset2/seed_2028_round_4_training_history.csv,18_efficientnetv2s_gan_dataset2
2028,2028,5,efficientnetv2s,EfficientNetV2-S,gan,10,0.012101,0.996945,103.83,5,"1,2,3,4",85,342,845,137,982,3334,354,491,137,0,491,491,1433,1901,3334,1900,1424,9,1,0.997001,0.993719,0.999474,0.999298,0.993719,0.996501,0.995285,0.999474,0.997375,0.997292,0.996597,0.996938,0.996597,checkpoints/18_efficientnetv2s_gan_dataset2/seed_2028_round_5_final.pth,results/18_efficientnetv2s_gan_dataset2/seed_2028_round_5_predictions.csv,results/18_efficientnetv2s_gan_dataset2/seed_2028_round_5_training_history.csv,18_efficientnetv2s_gan_dataset2
2026,2026,1,efficientnetv2s,EfficientNetV2-S,stylegan3,10,0.002257,1.0,155.64,1,"2,3,4,5",86,341,870,110,980,3309,380,490,110,0,490,490,1407,1902,3309,1885,1403,4,17,0.993654,0.997157,0.991062,0.988028,0.997157,0.992572,0.997882,0.991062,0.994461,0.992955,0.99411,0.993516,0.99411,checkpoints/30_efficientnetv2s_stylegan3_dataset2/seed_2026_round_1_final.pth,results/30_efficientnetv2s_stylegan3_dataset2/seed_2026_round_1_predictions.csv,results/30_efficientnetv2s_stylegan3_dataset2/seed_2026_round_1_training_history.csv,30_efficientnetv2s_stylegan3_dataset2
2026,2026,2,efficientnetv2s,EfficientNetV2-S,stylegan3,10,0.003026,1.0,147.85,2,"1,3,4,5",86,341,837,149,986,3342,344,493,149,0,493,493,1443,1899,3342,1884,1436,7,15,0.993417,0.995149,0.992101,0.989662,0.995149,0.992398,0.996298,0.992101,0.994195,0.99298,0.993625,0.993297,0.993625,checkpoints/30_efficientnetv2s_stylegan3_dataset2/seed_2026_round_2_final.pth,results/30_efficientnetv2s_stylegan3_dataset2/seed_2026_round_2_predictions.csv,results/30_efficientnetv2s_stylegan3_dataset2/seed_2026_round_2_training_history.csv,30_efficientnetv2s_stylegan3_dataset2
2026,2026,3,efficientnetv2s,EfficientNetV2-S,stylegan3,10,0.002419,1.0,97.29,3,"1,2,4,5",85,342,806,90,896,3373,358,448,90,0,448,448,1429,1944,3373,1936,1423,6,8,0.995849,0.995801,0.995885,0.99441,0.995801,0.995105,0.99691,0.995885,0.996397,0.99566,0.995843,0.995751,0.995843,checkpoints/30_efficientnetv2s_stylegan3_dataset2/seed_2026_round_3_final.pth,results/30_efficientnetv2s_stylegan3_dataset2/seed_2026_round_3_predictions.csv,results/30_efficientnetv2s_stylegan3_dataset2/seed_2026_round_3_training_history.csv,30_efficientnetv2s_stylegan3_dataset2
2026,2026,4,efficientnetv2s,EfficientNetV2-S,stylegan3,10,0.010005,0.996809,119.2,4,"1,2,3,5",85,342,821,119,940,3358,351,470,119,0,470,470,1436,1922,3358,1902,1435,1,20,0.993746,0.999304,0.989594,0.986254,0.999304,0.992736,0.999475,0.989594,0.99451,0.992864,0.994449,0.993623,0.994449,checkpoints/30_efficientnetv2s_stylegan3_dataset2/seed_2026_round_4_final.pth,results/30_efficientnetv2s_stylegan3_dataset2/seed_2026_round_4_predictions.csv,results/30_efficientnetv2s_stylegan3_dataset2/seed_2026_round_4_training_history.csv,30_efficientnetv2s_stylegan3_dataset2
2026,2026,5,efficientnetv2s,EfficientNetV2-S,stylegan3,10,0.00335,1.0,125.0,5,"1,2,3,4",85,342,845,137,982,3334,354,491,137,0,491,491,1433,1901,3334,1896,1428,5,5,0.997001,0.996511,0.99737,0.996511,0.996511,0.996511,0.99737,0.99737,0.99737,0.99694,0.99694,0.99694,0.99694,checkpoints/30_efficientnetv2s_stylegan3_dataset2/seed_2026_round_5_final.pth,results/30_efficientnetv2s_stylegan3_dataset2/seed_2026_round_5_predictions.csv,results/30_efficientnetv2s_stylegan3_dataset2/seed_2026_round_5_training_history.csv,30_efficientnetv2s_stylegan3_dataset2
2027,2027,1,efficientnetv2s,EfficientNetV2-S,stylegan3,10,0.007358,0.997959,105.59,1,"2,3,4,5",86,341,870,110,980,3309,380,490,110,0,490,490,1407,1902,3309,1894,1402,5,8,0.996071,0.996446,0.995794,0.994326,0.996446,0.995385,0.997367,0.995794,0.99658,0.995847,0.99612,0.995983,0.99612,checkpoints/30_efficientnetv2s_stylegan3_dataset2/seed_2027_round_1_final.pth,results/30_efficientnetv2s_stylegan3_dataset2/seed_2027_round_1_predictions.csv,results/30_efficientnetv2s_stylegan3_dataset2/seed_2027_round_1_training_history.csv,30_efficientnetv2s_stylegan3_dataset2
2027,2027,2,efficientnetv2s,EfficientNetV2-S,stylegan3,10,0.004238,0.998986,105.92,2,"1,3,4,5",86,341,837,149,986,3342,344,493,149,0,493,493,1443,1899,3342,1894,1437,6,5,0.996709,0.995842,0.997367,0.996533,0.995842,0.996187,0.996842,0.997367,0.997105,0.996687,0.996605,0.996646,0.996605,checkpoints/30_efficientnetv2s_stylegan3_dataset2/seed_2027_round_2_final.pth,results/30_efficientnetv2s_stylegan3_dataset2/seed_2027_round_2_predictions.csv,results/30_efficientnetv2s_stylegan3_dataset2/seed_2027_round_2_training_history.csv,30_efficientnetv2s_stylegan3_dataset2
2027,2027,3,efficientnetv2s,EfficientNetV2-S,stylegan3,10,0.002127,1.0,98.12,3,"1,2,4,5",85,342,806,90,896,3373,358,448,90,0,448,448,1429,1944,3373,1935,1424,5,9,0.995849,0.996501,0.99537,0.993719,0.996501,0.995108,0.997423,0.99537,0.996395,0.995571,0.995936,0.995752,0.995936,checkpoints/30_efficientnetv2s_stylegan3_dataset2/seed_2027_round_3_final.pth,results/30_efficientnetv2s_stylegan3_dataset2/seed_2027_round_3_predictions.csv,results/30_efficientnetv2s_stylegan3_dataset2/seed_2027_round_3_training_history.csv,30_efficientnetv2s_stylegan3_dataset2
2027,2027,4,efficientnetv2s,EfficientNetV2-S,stylegan3,10,0.002064,1.0,102.43,4,"1,2,3,5",85,342,821,119,940,3358,351,470,119,0,470,470,1436,1922,3358,1895,1436,0,27,0.991959,1.0,0.985952,0.981545,1.0,0.990686,1.0,0.985952,0.992926,0.990772,0.992976,0.991806,0.992976,checkpoints/30_efficientnetv2s_stylegan3_dataset2/seed_2027_round_4_final.pth,results/30_efficientnetv2s_stylegan3_dataset2/seed_2027_round_4_predictions.csv,results/30_efficientnetv2s_stylegan3_dataset2/seed_2027_round_4_training_history.csv,30_efficientnetv2s_stylegan3_dataset2
2027,2027,5,efficientnetv2s,EfficientNetV2-S,stylegan3,10,0.007258,0.996945,106.11,5,"1,2,3,4",85,342,845,137,982,3334,354,491,137,0,491,491,1433,1901,3334,1900,1424,9,1,0.997001,0.993719,0.999474,0.999298,0.993719,0.996501,0.995285,0.999474,0.997375,0.997292,0.996597,0.996938,0.996597,checkpoints/30_efficientnetv2s_stylegan3_dataset2/seed_2027_round_5_final.pth,results/30_efficientnetv2s_stylegan3_dataset2/seed_2027_round_5_predictions.csv,results/30_efficientnetv2s_stylegan3_dataset2/seed_2027_round_5_training_history.csv,30_efficientnetv2s_stylegan3_dataset2
2028,2028,1,efficientnetv2s,EfficientNetV2-S,stylegan3,10,0.012141,0.996939,105.61,1,"2,3,4,5",86,341,870,110,980,3309,380,490,110,0,490,490,1407,1902,3309,1888,1401,6,14,0.993956,0.995736,0.992639,0.990106,0.995736,0.992913,0.996832,0.992639,0.994731,0.993469,0.994187,0.993822,0.994187,checkpoints/30_efficientnetv2s_stylegan3_dataset2/seed_2028_round_1_final.pth,results/30_efficientnetv2s_stylegan3_dataset2/seed_2028_round_1_predictions.csv,results/30_efficientnetv2s_stylegan3_dataset2/seed_2028_round_1_training_history.csv,30_efficientnetv2s_stylegan3_dataset2
2028,2028,2,efficientnetv2s,EfficientNetV2-S,stylegan3,10,0.007266,0.997972,108.36,2,"1,3,4,5",86,341,837,149,986,3342,344,493,149,0,493,493,1443,1899,3342,1886,1428,15,13,0.991622,0.989605,0.993154,0.990978,0.989605,0.990291,0.992109,0.993154,0.992632,0.991544,0.99138,0.991461,0.99138,checkpoints/30_efficientnetv2s_stylegan3_dataset2/seed_2028_round_2_final.pth,results/30_efficientnetv2s_stylegan3_dataset2/seed_2028_round_2_predictions.csv,results/30_efficientnetv2s_stylegan3_dataset2/seed_2028_round_2_training_history.csv,30_efficientnetv2s_stylegan3_dataset2
2028,2028,3,efficientnetv2s,EfficientNetV2-S,stylegan3,10,0.003722,0.998884,98.68,3,"1,2,4,5",85,342,806,90,896,3373,358,448,90,0,448,448,1429,1944,3373,1940,1417,12,4,0.995256,0.991603,0.997942,0.997185,0.991603,0.994386,0.993852,0.997942,0.995893,0.995519,0.994772,0.99514,0.994772,checkpoints/30_efficientnetv2s_stylegan3_dataset2/seed_2028_round_3_final.pth,results/30_efficientnetv2s_stylegan3_dataset2/seed_2028_round_3_predictions.csv,results/30_efficientnetv2s_stylegan3_dataset2/seed_2028_round_3_training_history.csv,30_efficientnetv2s_stylegan3_dataset2
2028,2028,4,efficientnetv2s,EfficientNetV2-S,stylegan3,10,0.006951,0.998936,101.84,4,"1,2,3,5",85,342,821,119,940,3358,351,470,119,0,470,470,1436,1922,3358,1913,1432,4,9,0.996129,0.997214,0.995317,0.993754,0.997214,0.995481,0.997913,0.995317,0.996614,0.995834,0.996266,0.996048,0.996266,checkpoints/30_efficientnetv2s_stylegan3_dataset2/seed_2028_round_4_final.pth,results/30_efficientnetv2s_stylegan3_dataset2/seed_2028_round_4_predictions.csv,results/30_efficientnetv2s_stylegan3_dataset2/seed_2028_round_4_training_history.csv,30_efficientnetv2s_stylegan3_dataset2
2028,2028,5,efficientnetv2s,EfficientNetV2-S,stylegan3,10,0.010581,0.995927,106.14,5,"1,2,3,4",85,342,845,137,982,3334,354,491,137,0,491,491,1433,1901,3334,1891,1419,14,10,0.992801,0.99023,0.99474,0.993002,0.99023,0.991614,0.992651,0.99474,0.993694,0.992827,0.992485,0.992654,0.992485,checkpoints/30_efficientnetv2s_stylegan3_dataset2/seed_2028_round_5_final.pth,results/30_efficientnetv2s_stylegan3_dataset2/seed_2028_round_5_predictions.csv,results/30_efficientnetv2s_stylegan3_dataset2/seed_2028_round_5_training_history.csv,30_efficientnetv2s_stylegan3_dataset2
2026,2026,1,convnextv2nano,ConvNeXtV2-Nano,baseline,10,0.000116,1.0,142.8,1,"2,3,4,5",86,341,870,0,870,3309,380,490,0,0,380,490,1407,1902,3309,1891,1393,14,11,0.992445,0.99005,0.994217,0.992165,0.99005,0.991106,0.992651,0.994217,0.993433,0.992408,0.992133,0.99227,0.992133,checkpoints/19_convnextv2nano_baseline_dataset2/seed_2026_round_1_final.pth,results/19_convnextv2nano_baseline_dataset2/seed_2026_round_1_predictions.csv,results/19_convnextv2nano_baseline_dataset2/seed_2026_round_1_training_history.csv,19_convnextv2nano_baseline_dataset2
2026,2026,2,convnextv2nano,ConvNeXtV2-Nano,baseline,10,0.677676,0.589008,123.57,2,"1,3,4,5",86,341,837,0,837,3342,344,493,0,0,344,493,1443,1899,3342,1899,0,1443,0,0.568223,0.0,1.0,0.0,0.0,0.0,0.568223,1.0,0.724671,0.284111,0.5,0.362335,0.5,checkpoints/19_convnextv2nano_baseline_dataset2/seed_2026_round_2_final.pth,results/19_convnextv2nano_baseline_dataset2/seed_2026_round_2_predictions.csv,results/19_convnextv2nano_baseline_dataset2/seed_2026_round_2_training_history.csv,19_convnextv2nano_baseline_dataset2
2026,2026,3,convnextv2nano,ConvNeXtV2-Nano,baseline,10,7.5e-05,1.0,96.29,3,"1,2,4,5",85,342,806,0,806,3373,358,448,0,0,358,448,1429,1944,3373,1934,1416,13,10,0.993181,0.990903,0.994856,0.992987,0.990903,0.991944,0.993323,0.994856,0.994089,0.993155,0.992879,0.993016,0.992879,checkpoints/19_convnextv2nano_baseline_dataset2/seed_2026_round_3_final.pth,results/19_convnextv2nano_baseline_dataset2/seed_2026_round_3_predictions.csv,results/19_convnextv2nano_baseline_dataset2/seed_2026_round_3_training_history.csv,19_convnextv2nano_baseline_dataset2
2026,2026,4,convnextv2nano,ConvNeXtV2-Nano,baseline,10,0.000201,1.0,99.27,4,"1,2,3,5",85,342,821,0,821,3358,351,470,0,0,351,470,1436,1922,3358,1891,1424,12,31,0.987195,0.991643,0.983871,0.978694,0.991643,0.985126,0.993694,0.983871,0.988758,0.986194,0.987757,0.986942,0.987757,checkpoints/19_convnextv2nano_baseline_dataset2/seed_2026_round_4_final.pth,results/19_convnextv2nano_baseline_dataset2/seed_2026_round_4_predictions.csv,results/19_convnextv2nano_baseline_dataset2/seed_2026_round_4_training_history.csv,19_convnextv2nano_baseline_dataset2
2026,2026,5,convnextv2nano,ConvNeXtV2-Nano,baseline,10,0.006088,0.998817,104.72,5,"1,2,3,4",85,342,845,0,845,3334,354,491,0,0,354,491,1433,1901,3334,1898,1404,29,3,0.990402,0.979763,0.998422,0.997868,0.979763,0.988732,0.984951,0.998422,0.991641,0.991409,0.989092,0.990186,0.989092,checkpoints/19_convnextv2nano_baseline_dataset2/seed_2026_round_5_final.pth,results/19_convnextv2nano_baseline_dataset2/seed_2026_round_5_predictions.csv,results/19_convnextv2nano_baseline_dataset2/seed_2026_round_5_training_history.csv,19_convnextv2nano_baseline_dataset2
2027,2027,1,convnextv2nano,ConvNeXtV2-Nano,baseline,10,9.7e-05,1.0,103.0,1,"2,3,4,5",86,341,870,0,870,3309,380,490,0,0,380,490,1407,1902,3309,1890,1401,6,12,0.99456,0.995736,0.993691,0.991507,0.995736,0.993617,0.996835,0.993691,0.995261,0.994171,0.994713,0.994439,0.994713,checkpoints/19_convnextv2nano_baseline_dataset2/seed_2027_round_1_final.pth,results/19_convnextv2nano_baseline_dataset2/seed_2027_round_1_predictions.csv,results/19_convnextv2nano_baseline_dataset2/seed_2027_round_1_training_history.csv,19_convnextv2nano_baseline_dataset2
2027,2027,2,convnextv2nano,ConvNeXtV2-Nano,baseline,10,0.014333,0.995221,100.13,2,"1,3,4,5",86,341,837,0,837,3342,344,493,0,0,344,493,1443,1899,3342,1878,1324,119,21,0.958109,0.917533,0.988942,0.984387,0.917533,0.949785,0.940411,0.988942,0.964066,0.962399,0.953237,0.956925,0.953237,checkpoints/19_convnextv2nano_baseline_dataset2/seed_2027_round_2_final.pth,results/19_convnextv2nano_baseline_dataset2/seed_2027_round_2_predictions.csv,results/19_convnextv2nano_baseline_dataset2/seed_2027_round_2_training_history.csv,19_convnextv2nano_baseline_dataset2
2027,2027,3,convnextv2nano,ConvNeXtV2-Nano,baseline,10,0.000144,1.0,97.25,3,"1,2,4,5",85,342,806,0,806,3373,358,448,0,0,358,448,1429,1944,3373,1935,1422,7,9,0.995256,0.995101,0.99537,0.993711,0.995101,0.994406,0.996395,0.99537,0.995883,0.995053,0.995236,0.995144,0.995236,checkpoints/19_convnextv2nano_baseline_dataset2/seed_2027_round_3_final.pth,results/19_convnextv2nano_baseline_dataset2/seed_2027_round_3_predictions.csv,results/19_convnextv2nano_baseline_dataset2/seed_2027_round_3_training_history.csv,19_convnextv2nano_baseline_dataset2
2027,2027,4,convnextv2nano,ConvNeXtV2-Nano,baseline,10,0.022362,0.992692,98.15,4,"1,2,3,5",85,342,821,0,821,3358,351,470,0,0,351,470,1436,1922,3358,1896,1422,14,26,0.988088,0.990251,0.986472,0.982044,0.990251,0.98613,0.99267,0.986472,0.989562,0.987357,0.988362,0.987846,0.988362,checkpoints/19_convnextv2nano_baseline_dataset2/seed_2027_round_4_final.pth,results/19_convnextv2nano_baseline_dataset2/seed_2027_round_4_predictions.csv,results/19_convnextv2nano_baseline_dataset2/seed_2027_round_4_training_history.csv,19_convnextv2nano_baseline_dataset2
2027,2027,5,convnextv2nano,ConvNeXtV2-Nano,baseline,10,0.00987,0.99645,100.66,5,"1,2,3,4",85,342,845,0,845,3334,354,491,0,0,354,491,1433,1901,3334,1889,1418,15,12,0.991902,0.989532,0.993688,0.991608,0.989532,0.990569,0.992122,0.993688,0.992904,0.991865,0.99161,0.991737,0.99161,checkpoints/19_convnextv2nano_baseline_dataset2/seed_2027_round_5_final.pth,results/19_convnextv2nano_baseline_dataset2/seed_2027_round_5_predictions.csv,results/19_convnextv2nano_baseline_dataset2/seed_2027_round_5_training_history.csv,19_convnextv2nano_baseline_dataset2
2028,2028,1,convnextv2nano,ConvNeXtV2-Nano,baseline,10,0.014223,0.991954,103.11,1,"2,3,4,5",86,341,870,0,870,3309,380,490,0,0,380,490,1407,1902,3309,1879,1384,23,23,0.986099,0.983653,0.987907,0.983653,0.983653,0.983653,0.987907,0.987907,0.987907,0.98578,0.98578,0.98578,0.98578,checkpoints/19_convnextv2nano_baseline_dataset2/seed_2028_round_1_final.pth,results/19_convnextv2nano_baseline_dataset2/seed_2028_round_1_predictions.csv,results/19_convnextv2nano_baseline_dataset2/seed_2028_round_1_training_history.csv,19_convnextv2nano_baseline_dataset2
2028,2028,2,convnextv2nano,ConvNeXtV2-Nano,baseline,10,0.000112,1.0,100.51,2,"1,3,4,5",86,341,837,0,837,3342,344,493,0,0,344,493,1443,1899,3342,1882,1420,23,17,0.988031,0.984061,0.991048,0.98817,0.984061,0.986111,0.987927,0.991048,0.989485,0.988048,0.987554,0.987798,0.987554,checkpoints/19_convnextv2nano_baseline_dataset2/seed_2028_round_2_final.pth,results/19_convnextv2nano_baseline_dataset2/seed_2028_round_2_predictions.csv,results/19_convnextv2nano_baseline_dataset2/seed_2028_round_2_training_history.csv,19_convnextv2nano_baseline_dataset2
2028,2028,3,convnextv2nano,ConvNeXtV2-Nano,baseline,10,9.6e-05,1.0,97.55,3,"1,2,4,5",85,342,806,0,806,3373,358,448,0,0,358,448,1429,1944,3373,1936,1409,20,8,0.991699,0.986004,0.995885,0.994354,0.986004,0.990162,0.989775,0.995885,0.992821,0.992065,0.990944,0.991491,0.990944,checkpoints/19_convnextv2nano_baseline_dataset2/seed_2028_round_3_final.pth,results/19_convnextv2nano_baseline_dataset2/seed_2028_round_3_predictions.csv,results/19_convnextv2nano_baseline_dataset2/seed_2028_round_3_training_history.csv,19_convnextv2nano_baseline_dataset2
2028,2028,4,convnextv2nano,ConvNeXtV2-Nano,baseline,10,0.61651,0.584653,98.04,4,"1,2,3,5",85,342,821,0,821,3358,351,470,0,0,351,470,1436,1922,3358,1916,183,1253,6,0.625074,0.127437,0.996878,0.968254,0.127437,0.225231,0.604607,0.996878,0.752701,0.786431,0.562158,0.488966,0.562158,checkpoints/19_convnextv2nano_baseline_dataset2/seed_2028_round_4_final.pth,results/19_convnextv2nano_baseline_dataset2/seed_2028_round_4_predictions.csv,results/19_convnextv2nano_baseline_dataset2/seed_2028_round_4_training_history.csv,19_convnextv2nano_baseline_dataset2
2028,2028,5,convnextv2nano,ConvNeXtV2-Nano,baseline,10,0.102939,0.966864,100.94,5,"1,2,3,4",85,342,845,0,845,3334,354,491,0,0,354,491,1433,1901,3334,1893,1411,22,8,0.991002,0.984648,0.995792,0.994362,0.984648,0.989481,0.988512,0.995792,0.992138,0.991437,0.99022,0.99081,0.99022,checkpoints/19_convnextv2nano_baseline_dataset2/seed_2028_round_5_final.pth,results/19_convnextv2nano_baseline_dataset2/seed_2028_round_5_predictions.csv,results/19_convnextv2nano_baseline_dataset2/seed_2028_round_5_training_history.csv,19_convnextv2nano_baseline_dataset2
2026,2026,1,convnextv2nano,ConvNeXtV2-Nano,gan,10,0.000138,1.0,150.15,1,"2,3,4,5",86,341,870,110,980,3309,380,490,110,0,490,490,1407,1902,3309,1888,1399,8,14,0.993351,0.994314,0.992639,0.990092,0.994314,0.992199,0.995781,0.992639,0.994207,0.992936,0.993477,0.993203,0.993477,checkpoints/20_convnextv2nano_gan_dataset2/seed_2026_round_1_final.pth,results/20_convnextv2nano_gan_dataset2/seed_2026_round_1_predictions.csv,results/20_convnextv2nano_gan_dataset2/seed_2026_round_1_training_history.csv,20_convnextv2nano_gan_dataset2
2026,2026,2,convnextv2nano,ConvNeXtV2-Nano,gan,10,0.004242,0.998986,133.23,2,"1,3,4,5",86,341,837,149,986,3342,344,493,149,0,493,493,1443,1899,3342,1881,1423,20,18,0.98863,0.98614,0.990521,0.987509,0.98614,0.986824,0.989479,0.990521,0.99,0.988494,0.988331,0.988412,0.988331,checkpoints/20_convnextv2nano_gan_dataset2/seed_2026_round_2_final.pth,results/20_convnextv2nano_gan_dataset2/seed_2026_round_2_predictions.csv,results/20_convnextv2nano_gan_dataset2/seed_2026_round_2_training_history.csv,20_convnextv2nano_gan_dataset2
2026,2026,3,convnextv2nano,ConvNeXtV2-Nano,gan,10,0.000102,1.0,100.93,3,"1,2,4,5",85,342,806,90,896,3373,358,448,90,0,448,448,1429,1944,3373,1934,1412,17,10,0.991995,0.988104,0.994856,0.992968,0.988104,0.99053,0.991287,0.994856,0.993068,0.992127,0.99148,0.991799,0.99148,checkpoints/20_convnextv2nano_gan_dataset2/seed_2026_round_3_final.pth,results/20_convnextv2nano_gan_dataset2/seed_2026_round_3_predictions.csv,results/20_convnextv2nano_gan_dataset2/seed_2026_round_3_training_history.csv,20_convnextv2nano_gan_dataset2
2026,2026,4,convnextv2nano,ConvNeXtV2-Nano,gan,10,0.00011,1.0,119.07,4,"1,2,3,5",85,342,821,119,940,3358,351,470,119,0,470,470,1436,1922,3358,1876,1429,7,46,0.984217,0.995125,0.976067,0.968814,0.995125,0.981793,0.996283,0.976067,0.986071,0.982548,0.985596,0.983932,0.985596,checkpoints/20_convnextv2nano_gan_dataset2/seed_2026_round_4_final.pth,results/20_convnextv2nano_gan_dataset2/seed_2026_round_4_predictions.csv,results/20_convnextv2nano_gan_dataset2/seed_2026_round_4_training_history.csv,20_convnextv2nano_gan_dataset2
2026,2026,5,convnextv2nano,ConvNeXtV2-Nano,gan,10,0.008025,0.996945,122.05,5,"1,2,3,4",85,342,845,137,982,3334,354,491,137,0,491,491,1433,1901,3334,1897,1414,19,4,0.993101,0.986741,0.997896,0.997179,0.986741,0.991933,0.990084,0.997896,0.993974,0.993631,0.992318,0.992953,0.992318,checkpoints/20_convnextv2nano_gan_dataset2/seed_2026_round_5_final.pth,results/20_convnextv2nano_gan_dataset2/seed_2026_round_5_predictions.csv,results/20_convnextv2nano_gan_dataset2/seed_2026_round_5_training_history.csv,20_convnextv2nano_gan_dataset2
2027,2027,1,convnextv2nano,ConvNeXtV2-Nano,gan,10,0.000107,1.0,108.93,1,"2,3,4,5",86,341,870,110,980,3309,380,490,110,0,490,490,1407,1902,3309,1894,1401,6,8,0.995769,0.995736,0.995794,0.994322,0.995736,0.995028,0.996842,0.995794,0.996318,0.995582,0.995765,0.995673,0.995765,checkpoints/20_convnextv2nano_gan_dataset2/seed_2027_round_1_final.pth,results/20_convnextv2nano_gan_dataset2/seed_2027_round_1_predictions.csv,results/20_convnextv2nano_gan_dataset2/seed_2027_round_1_training_history.csv,20_convnextv2nano_gan_dataset2
2027,2027,2,convnextv2nano,ConvNeXtV2-Nano,gan,10,0.003993,0.998986,109.31,2,"1,3,4,5",86,341,837,149,986,3342,344,493,149,0,493,493,1443,1899,3342,1875,1432,11,24,0.989527,0.992377,0.987362,0.983516,0.992377,0.987927,0.994168,0.987362,0.990753,0.988842,0.989869,0.98934,0.989869,checkpoints/20_convnextv2nano_gan_dataset2/seed_2027_round_2_final.pth,results/20_convnextv2nano_gan_dataset2/seed_2027_round_2_predictions.csv,results/20_convnextv2nano_gan_dataset2/seed_2027_round_2_training_history.csv,20_convnextv2nano_gan_dataset2
2027,2027,3,convnextv2nano,ConvNeXtV2-Nano,gan,10,7.7e-05,1.0,101.14,3,"1,2,4,5",85,342,806,90,896,3373,358,448,90,0,448,448,1429,1944,3373,1938,1412,17,6,0.993181,0.988104,0.996914,0.995769,0.988104,0.991921,0.991304,0.996914,0.994101,0.993537,0.992509,0.993011,0.992509,checkpoints/20_convnextv2nano_gan_dataset2/seed_2027_round_3_final.pth,results/20_convnextv2nano_gan_dataset2/seed_2027_round_3_predictions.csv,results/20_convnextv2nano_gan_dataset2/seed_2027_round_3_training_history.csv,20_convnextv2nano_gan_dataset2
2027,2027,4,convnextv2nano,ConvNeXtV2-Nano,gan,10,0.000127,1.0,104.95,4,"1,2,3,5",85,342,821,119,940,3358,351,470,119,0,470,470,1436,1922,3358,1869,1427,9,53,0.981537,0.993733,0.972425,0.964189,0.993733,0.978738,0.995208,0.972425,0.983684,0.979698,0.983079,0.981211,0.983079,checkpoints/20_convnextv2nano_gan_dataset2/seed_2027_round_4_final.pth,results/20_convnextv2nano_gan_dataset2/seed_2027_round_4_predictions.csv,results/20_convnextv2nano_gan_dataset2/seed_2027_round_4_training_history.csv,20_convnextv2nano_gan_dataset2
2027,2027,5,convnextv2nano,ConvNeXtV2-Nano,gan,10,0.006202,0.997963,108.75,5,"1,2,3,4",85,342,845,137,982,3334,354,491,137,0,491,491,1433,1901,3334,1887,1427,6,14,0.994001,0.995813,0.992635,0.990285,0.995813,0.993041,0.99683,0.992635,0.994729,0.993557,0.994224,0.993885,0.994224,checkpoints/20_convnextv2nano_gan_dataset2/seed_2027_round_5_final.pth,results/20_convnextv2nano_gan_dataset2/seed_2027_round_5_predictions.csv,results/20_convnextv2nano_gan_dataset2/seed_2027_round_5_training_history.csv,20_convnextv2nano_gan_dataset2
2028,2028,1,convnextv2nano,ConvNeXtV2-Nano,gan,10,0.000165,1.0,108.57,1,"2,3,4,5",86,341,870,110,980,3309,380,490,110,0,490,490,1407,1902,3309,1889,1387,20,13,0.990027,0.985785,0.993165,0.990714,0.985785,0.988244,0.989523,0.993165,0.991341,0.990119,0.989475,0.989792,0.989475,checkpoints/20_convnextv2nano_gan_dataset2/seed_2028_round_1_final.pth,results/20_convnextv2nano_gan_dataset2/seed_2028_round_1_predictions.csv,results/20_convnextv2nano_gan_dataset2/seed_2028_round_1_training_history.csv,20_convnextv2nano_gan_dataset2
2028,2028,2,convnextv2nano,ConvNeXtV2-Nano,gan,10,0.005828,0.997972,109.19,2,"1,3,4,5",86,341,837,149,986,3342,344,493,149,0,493,493,1443,1899,3342,1866,1426,17,33,0.985039,0.988219,0.982622,0.977382,0.988219,0.982771,0.990972,0.982622,0.986779,0.984177,0.985421,0.984775,0.985421,checkpoints/20_convnextv2nano_gan_dataset2/seed_2028_round_2_final.pth,results/20_convnextv2nano_gan_dataset2/seed_2028_round_2_predictions.csv,results/20_convnextv2nano_gan_dataset2/seed_2028_round_2_training_history.csv,20_convnextv2nano_gan_dataset2
2028,2028,3,convnextv2nano,ConvNeXtV2-Nano,gan,10,0.00014,1.0,101.16,3,"1,2,4,5",85,342,806,90,896,3373,358,448,90,0,448,448,1429,1944,3373,1936,1398,31,8,0.988438,0.978307,0.995885,0.99431,0.978307,0.986243,0.98424,0.995885,0.990028,0.989275,0.987096,0.988136,0.987096,checkpoints/20_convnextv2nano_gan_dataset2/seed_2028_round_3_final.pth,results/20_convnextv2nano_gan_dataset2/seed_2028_round_3_predictions.csv,results/20_convnextv2nano_gan_dataset2/seed_2028_round_3_training_history.csv,20_convnextv2nano_gan_dataset2
2028,2028,4,convnextv2nano,ConvNeXtV2-Nano,gan,10,7.5e-05,1.0,105.05,4,"1,2,3,5",85,342,821,119,940,3358,351,470,119,0,470,470,1436,1922,3358,1891,1427,9,31,0.988088,0.993733,0.983871,0.978738,0.993733,0.986178,0.995263,0.983871,0.989534,0.987001,0.988802,0.987856,0.988802,checkpoints/20_convnextv2nano_gan_dataset2/seed_2028_round_4_final.pth,results/20_convnextv2nano_gan_dataset2/seed_2028_round_4_predictions.csv,results/20_convnextv2nano_gan_dataset2/seed_2028_round_4_training_history.csv,20_convnextv2nano_gan_dataset2
2028,2028,5,convnextv2nano,ConvNeXtV2-Nano,gan,10,0.012835,0.991853,109.57,5,"1,2,3,4",85,342,845,137,982,3334,354,491,137,0,491,491,1433,1901,3334,1901,1372,61,0,0.981704,0.957432,1.0,1.0,0.957432,0.978253,0.968909,1.0,0.984209,0.984455,0.978716,0.981231,0.978716,checkpoints/20_convnextv2nano_gan_dataset2/seed_2028_round_5_final.pth,results/20_convnextv2nano_gan_dataset2/seed_2028_round_5_predictions.csv,results/20_convnextv2nano_gan_dataset2/seed_2028_round_5_training_history.csv,20_convnextv2nano_gan_dataset2
2026,2026,1,convnextv2nano,ConvNeXtV2-Nano,stylegan3,10,0.000215,1.0,154.0,1,"2,3,4,5",86,341,870,110,980,3309,380,490,110,0,490,490,1407,1902,3309,1889,1397,10,13,0.993049,0.992893,0.993165,0.99078,0.992893,0.991835,0.994734,0.993165,0.993949,0.992757,0.993029,0.992892,0.993029,checkpoints/31_convnextv2nano_stylegan3_dataset2/seed_2026_round_1_final.pth,results/31_convnextv2nano_stylegan3_dataset2/seed_2026_round_1_predictions.csv,results/31_convnextv2nano_stylegan3_dataset2/seed_2026_round_1_training_history.csv,31_convnextv2nano_stylegan3_dataset2
2026,2026,2,convnextv2nano,ConvNeXtV2-Nano,stylegan3,10,0.004024,0.998986,141.21,2,"1,3,4,5",86,341,837,149,986,3342,344,493,149,0,493,493,1443,1899,3342,1872,1429,14,27,0.987732,0.990298,0.985782,0.981456,0.990298,0.985857,0.992577,0.985782,0.989168,0.987016,0.98804,0.987512,0.98804,checkpoints/31_convnextv2nano_stylegan3_dataset2/seed_2026_round_2_final.pth,results/31_convnextv2nano_stylegan3_dataset2/seed_2026_round_2_predictions.csv,results/31_convnextv2nano_stylegan3_dataset2/seed_2026_round_2_training_history.csv,31_convnextv2nano_stylegan3_dataset2
2026,2026,3,convnextv2nano,ConvNeXtV2-Nano,stylegan3,10,4e-05,1.0,106.58,3,"1,2,4,5",85,342,806,90,896,3373,358,448,90,0,448,448,1429,1944,3373,1935,1409,20,9,0.991402,0.986004,0.99537,0.993653,0.986004,0.989814,0.98977,0.99537,0.992562,0.991711,0.990687,0.991188,0.990687,checkpoints/31_convnextv2nano_stylegan3_dataset2/seed_2026_round_3_final.pth,results/31_convnextv2nano_stylegan3_dataset2/seed_2026_round_3_predictions.csv,results/31_convnextv2nano_stylegan3_dataset2/seed_2026_round_3_training_history.csv,31_convnextv2nano_stylegan3_dataset2
2026,2026,4,convnextv2nano,ConvNeXtV2-Nano,stylegan3,10,7.8e-05,1.0,124.23,4,"1,2,3,5",85,342,821,119,940,3358,351,470,119,0,470,470,1436,1922,3358,1895,1430,6,27,0.990173,0.995822,0.985952,0.981469,0.995822,0.988593,0.996844,0.985952,0.991368,0.989156,0.990887,0.989981,0.990887,checkpoints/31_convnextv2nano_stylegan3_dataset2/seed_2026_round_4_final.pth,results/31_convnextv2nano_stylegan3_dataset2/seed_2026_round_4_predictions.csv,results/31_convnextv2nano_stylegan3_dataset2/seed_2026_round_4_training_history.csv,31_convnextv2nano_stylegan3_dataset2
2026,2026,5,convnextv2nano,ConvNeXtV2-Nano,stylegan3,10,0.007801,0.996945,129.24,5,"1,2,3,4",85,342,845,137,982,3334,354,491,137,0,491,491,1433,1901,3334,1889,1422,11,12,0.993101,0.992324,0.993688,0.991632,0.992324,0.991978,0.994211,0.993688,0.993949,0.992921,0.993006,0.992963,0.993006,checkpoints/31_convnextv2nano_stylegan3_dataset2/seed_2026_round_5_final.pth,results/31_convnextv2nano_stylegan3_dataset2/seed_2026_round_5_predictions.csv,results/31_convnextv2nano_stylegan3_dataset2/seed_2026_round_5_training_history.csv,31_convnextv2nano_stylegan3_dataset2
2027,2027,1,convnextv2nano,ConvNeXtV2-Nano,stylegan3,10,9e-05,1.0,114.84,1,"2,3,4,5",86,341,870,110,980,3309,380,490,110,0,490,490,1407,1902,3309,1889,1401,6,13,0.994258,0.995736,0.993165,0.990806,0.995736,0.993265,0.996834,0.993165,0.994996,0.99382,0.99445,0.99413,0.99445,checkpoints/31_convnextv2nano_stylegan3_dataset2/seed_2027_round_1_final.pth,results/31_convnextv2nano_stylegan3_dataset2/seed_2027_round_1_predictions.csv,results/31_convnextv2nano_stylegan3_dataset2/seed_2027_round_1_training_history.csv,31_convnextv2nano_stylegan3_dataset2
2027,2027,2,convnextv2nano,ConvNeXtV2-Nano,stylegan3,10,0.003396,0.998986,116.41,2,"1,3,4,5",86,341,837,149,986,3342,344,493,149,0,493,493,1443,1899,3342,1892,1419,24,7,0.990724,0.983368,0.996314,0.995091,0.983368,0.989195,0.987474,0.996314,0.991874,0.991283,0.989841,0.990535,0.989841,checkpoints/31_convnextv2nano_stylegan3_dataset2/seed_2027_round_2_final.pth,results/31_convnextv2nano_stylegan3_dataset2/seed_2027_round_2_predictions.csv,results/31_convnextv2nano_stylegan3_dataset2/seed_2027_round_2_training_history.csv,31_convnextv2nano_stylegan3_dataset2
2027,2027,3,convnextv2nano,ConvNeXtV2-Nano,stylegan3,10,7.4e-05,1.0,106.62,3,"1,2,4,5",85,342,806,90,896,3373,358,448,90,0,448,448,1429,1944,3373,1936,1411,18,8,0.992292,0.987404,0.995885,0.994362,0.987404,0.990871,0.990788,0.995885,0.99333,0.992575,0.991644,0.9921,0.991644,checkpoints/31_convnextv2nano_stylegan3_dataset2/seed_2027_round_3_final.pth,results/31_convnextv2nano_stylegan3_dataset2/seed_2027_round_3_predictions.csv,results/31_convnextv2nano_stylegan3_dataset2/seed_2027_round_3_training_history.csv,31_convnextv2nano_stylegan3_dataset2
2027,2027,4,convnextv2nano,ConvNeXtV2-Nano,stylegan3,10,6.5e-05,1.0,110.37,4,"1,2,3,5",85,342,821,119,940,3358,351,470,119,0,470,470,1436,1922,3358,1881,1425,11,41,0.984515,0.99234,0.978668,0.972033,0.99234,0.982081,0.994186,0.978668,0.986366,0.983109,0.985504,0.984224,0.985504,checkpoints/31_convnextv2nano_stylegan3_dataset2/seed_2027_round_4_final.pth,results/31_convnextv2nano_stylegan3_dataset2/seed_2027_round_4_predictions.csv,results/31_convnextv2nano_stylegan3_dataset2/seed_2027_round_4_training_history.csv,31_convnextv2nano_stylegan3_dataset2
2027,2027,5,convnextv2nano,ConvNeXtV2-Nano,stylegan3,10,0.007274,0.998982,114.83,5,"1,2,3,4",85,342,845,137,982,3334,354,491,137,0,491,491,1433,1901,3334,1900,1380,53,1,0.983803,0.963015,0.999474,0.999276,0.963015,0.98081,0.972862,0.999474,0.985989,0.986069,0.981244,0.983399,0.981244,checkpoints/31_convnextv2nano_stylegan3_dataset2/seed_2027_round_5_final.pth,results/31_convnextv2nano_stylegan3_dataset2/seed_2027_round_5_predictions.csv,results/31_convnextv2nano_stylegan3_dataset2/seed_2027_round_5_training_history.csv,31_convnextv2nano_stylegan3_dataset2
2028,2028,1,convnextv2nano,ConvNeXtV2-Nano,stylegan3,10,9.5e-05,1.0,115.0,1,"2,3,4,5",86,341,870,110,980,3309,380,490,110,0,490,490,1407,1902,3309,1889,1397,10,13,0.993049,0.992893,0.993165,0.99078,0.992893,0.991835,0.994734,0.993165,0.993949,0.992757,0.993029,0.992892,0.993029,checkpoints/31_convnextv2nano_stylegan3_dataset2/seed_2028_round_1_final.pth,results/31_convnextv2nano_stylegan3_dataset2/seed_2028_round_1_predictions.csv,results/31_convnextv2nano_stylegan3_dataset2/seed_2028_round_1_training_history.csv,31_convnextv2nano_stylegan3_dataset2
2028,2028,2,convnextv2nano,ConvNeXtV2-Nano,stylegan3,10,0.034594,0.989858,116.17,2,"1,3,4,5",86,341,837,149,986,3342,344,493,149,0,493,493,1443,1899,3342,1871,1405,38,28,0.980251,0.973666,0.985255,0.980461,0.973666,0.977051,0.980094,0.985255,0.982668,0.980277,0.979461,0.97986,0.979461,checkpoints/31_convnextv2nano_stylegan3_dataset2/seed_2028_round_2_final.pth,results/31_convnextv2nano_stylegan3_dataset2/seed_2028_round_2_predictions.csv,results/31_convnextv2nano_stylegan3_dataset2/seed_2028_round_2_training_history.csv,31_convnextv2nano_stylegan3_dataset2
2028,2028,3,convnextv2nano,ConvNeXtV2-Nano,stylegan3,10,9.6e-05,1.0,106.28,3,"1,2,4,5",85,342,806,90,896,3373,358,448,90,0,448,448,1429,1944,3373,1938,1416,13,6,0.994367,0.990903,0.996914,0.995781,0.990903,0.993336,0.993337,0.996914,0.995122,0.994559,0.993908,0.994229,0.993908,checkpoints/31_convnextv2nano_stylegan3_dataset2/seed_2028_round_3_final.pth,results/31_convnextv2nano_stylegan3_dataset2/seed_2028_round_3_predictions.csv,results/31_convnextv2nano_stylegan3_dataset2/seed_2028_round_3_training_history.csv,31_convnextv2nano_stylegan3_dataset2
2028,2028,4,convnextv2nano,ConvNeXtV2-Nano,stylegan3,10,7.7e-05,1.0,110.44,4,"1,2,3,5",85,342,821,119,940,3358,351,470,119,0,470,470,1436,1922,3358,1872,1425,11,50,0.981834,0.99234,0.973985,0.966102,0.99234,0.979045,0.994158,0.973985,0.983968,0.98013,0.983163,0.981507,0.983163,checkpoints/31_convnextv2nano_stylegan3_dataset2/seed_2028_round_4_final.pth,results/31_convnextv2nano_stylegan3_dataset2/seed_2028_round_4_predictions.csv,results/31_convnextv2nano_stylegan3_dataset2/seed_2028_round_4_training_history.csv,31_convnextv2nano_stylegan3_dataset2
2028,2028,5,convnextv2nano,ConvNeXtV2-Nano,stylegan3,10,0.010671,0.995927,115.51,5,"1,2,3,4",85,342,845,137,982,3334,354,491,137,0,491,491,1433,1901,3334,1896,1408,25,5,0.991002,0.982554,0.99737,0.996461,0.982554,0.989459,0.986986,0.99737,0.992151,0.991724,0.989962,0.990805,0.989962,checkpoints/31_convnextv2nano_stylegan3_dataset2/seed_2028_round_5_final.pth,results/31_convnextv2nano_stylegan3_dataset2/seed_2028_round_5_predictions.csv,results/31_convnextv2nano_stylegan3_dataset2/seed_2028_round_5_training_history.csv,31_convnextv2nano_stylegan3_dataset2
